# Blender 4.0.2
# www.blender.org
mtllib campfire.mtl
o campfire_model:subtool14_campfire_model6_stone_0
v -0.066950 0.849320 -3.687872
v 0.549131 0.704566 -4.585785
v 0.363398 1.739333 -4.133020
v -1.437030 2.039754 -5.973407
v -1.958307 2.527169 -5.367628
v -1.160313 3.455747 -5.289184
v -2.487955 -0.117689 -4.474189
v -1.397993 0.058368 -4.421631
v -1.393447 0.020497 -4.272668
v -3.083044 0.992265 -3.859335
v -2.942445 1.222343 -3.449594
v -2.106153 2.785544 -3.488877
v 0.450544 1.737346 -4.365508
v 0.487503 1.360350 -4.381451
v 0.568729 1.199348 -5.339077
v -1.634403 0.685625 -5.666676
v -1.397993 0.058368 -4.421631
v -2.476633 0.306364 -5.185472
v -0.958449 0.587685 -2.929478
v -0.679513 2.581247 -3.440519
v -1.047299 2.593997 -3.182486
v -0.131174 2.877456 -5.403948
v -0.770804 3.622985 -4.838208
v 0.449896 2.286778 -5.038031
v -1.958307 2.527169 -5.367628
v -2.222557 2.444664 -4.680756
v -1.349944 3.482373 -5.102765
v -1.909792 3.095825 -4.127021
v -1.341908 3.126501 -4.151089
v -1.422670 3.541506 -4.675257
v -0.372253 2.379779 -5.776897
v -1.437030 2.039754 -5.973407
v -1.160313 3.455747 -5.289184
v -0.032396 1.188945 -5.664312
v -0.097570 0.515161 -5.671301
v -1.111968 0.859956 -5.960089
v -2.476633 0.306364 -5.185472
v -2.924744 1.194787 -5.148185
v -1.406032 1.913311 -6.048050
v -2.924744 1.194787 -5.148185
v -2.874058 1.342870 -4.559257
v -2.222557 2.444664 -4.680756
v 0.449896 2.286778 -5.038031
v -0.770804 3.622985 -4.838208
v -0.501624 3.370555 -4.436614
v -0.679513 2.581247 -3.440519
v -0.591637 0.408624 -3.210236
v 0.139577 2.064093 -4.037714
v -1.634403 0.685625 -5.666676
v -2.476633 0.306364 -5.185472
v -1.406032 1.913311 -6.048050
v -0.707895 1.790351 -5.883370
v -1.111968 0.859956 -5.960089
v -1.320581 1.837835 -6.050846
v -0.026570 0.111872 -4.236779
v -0.796977 0.079347 -4.460313
v -0.456310 0.075051 -4.766892
v -1.634403 0.685625 -5.666676
v -0.215223 0.476033 -5.693889
v -1.049153 0.264833 -4.861009
v -1.111968 0.859956 -5.960089
v -0.550800 1.184454 -5.809765
v -0.032396 1.188945 -5.664312
v 0.031966 1.842869 -5.603243
v 0.449896 2.286778 -5.038031
v 0.493693 1.629906 -5.240617
v -2.019003 2.945908 -3.902022
v -2.800324 1.521899 -3.956957
v -2.106153 2.785544 -3.488877
v -1.352181 2.722224 -3.616980
v -0.961760 2.981033 -3.963362
v -1.909792 3.095825 -4.127021
v 0.418896 1.191711 -5.516018
v 0.611399 0.337560 -4.903275
v -0.097570 0.515161 -5.671301
v -0.456310 0.075051 -4.766892
v -1.049153 0.264833 -4.861009
v -0.215223 0.476033 -5.693889
v -2.023014 0.749791 -3.185974
v -2.942445 1.222343 -3.449594
v -2.025727 -0.022726 -3.899884
v -2.568296 1.806185 -3.368032
v -0.958449 0.587685 -2.929478
v -1.590091 2.552793 -3.269130
v -0.066950 0.849320 -3.687872
v -0.026570 0.111872 -4.236779
v 0.379132 0.030939 -4.797983
v -1.472944 0.434425 -3.013276
v -0.958449 0.587685 -2.929478
v -2.568296 1.806185 -3.368032
v -1.057030 0.098564 -3.797685
v -2.025727 -0.022726 -3.899884
v -0.933952 0.008735 -4.064320
v -0.526879 0.182046 -3.495530
v -0.591637 0.408624 -3.210236
v -1.488509 0.134649 -3.360970
v -1.349944 3.482373 -5.102765
v -1.160313 3.455747 -5.289184
v -1.958307 2.527169 -5.367628
v -0.131174 2.877456 -5.403948
v -1.160313 3.455747 -5.289184
v -0.770804 3.622985 -4.838208
v -3.023938 0.727799 -3.982127
v -2.025727 -0.022726 -3.899884
v -2.942445 1.222343 -3.449594
v -3.534122 0.150887 -4.738787
v -2.874058 1.342870 -4.559257
v -2.924744 1.194787 -5.148185
v 0.568729 1.199348 -5.339077
v 0.449896 2.286778 -5.038031
v 0.450544 1.737346 -4.365508
v 0.449896 2.286778 -5.038031
v -0.307385 3.171929 -4.262286
v 0.139577 2.064093 -4.037714
v -2.025727 -0.022726 -3.899884
v -3.398003 0.417840 -4.445876
v -2.731814 -0.143919 -4.467664
v -2.025727 -0.022726 -3.899884
v -2.731814 -0.143919 -4.467664
v -1.393447 0.020497 -4.272668
v -0.354363 2.942608 -3.891844
v 0.139577 2.064093 -4.037714
v -0.307385 3.171929 -4.262286
v -1.341908 3.126501 -4.151089
v -0.501624 3.370555 -4.436614
v -1.422670 3.541506 -4.675257
v -1.211594 0.871284 -5.943867
v -1.634403 0.685625 -5.666676
v -1.406032 1.913311 -6.048050
v -0.215223 0.476033 -5.693889
v -1.634403 0.685625 -5.666676
v -1.108477 0.701618 -5.907370
v 0.139577 2.064093 -4.037714
v -0.591637 0.408624 -3.210236
v -0.066950 0.849320 -3.687872
v -0.066950 0.849320 -3.687872
v -0.591637 0.408624 -3.210236
v -0.526879 0.182046 -3.495530
v -2.924744 1.194787 -5.148185
v -2.282090 1.981864 -5.566739
v -1.406032 1.913311 -6.048050
v -2.924744 1.194787 -5.148185
v -2.222557 2.444664 -4.680756
v -2.512791 1.835477 -5.214930
v 0.422820 0.017765 -4.915129
v -0.097570 0.515161 -5.671301
v 0.611399 0.337560 -4.903275
v -0.066950 0.849320 -3.687872
v 0.379132 0.030939 -4.797983
v 0.549131 0.704566 -4.585785
v -1.062870 3.691151 -4.868557
v -1.422670 3.541506 -4.675257
v -0.501624 3.370555 -4.436614
v -1.160313 3.455747 -5.289184
v -1.169003 3.604073 -5.113932
v -0.770804 3.622985 -4.838208
v -0.526879 0.182046 -3.495530
v -0.026570 0.111872 -4.236779
v -0.066950 0.849320 -3.687872
v -0.026570 0.111872 -4.236779
v -0.526879 0.182046 -3.495530
v -1.057030 0.098564 -3.797685
v -0.287772 2.410889 -5.725749
v 0.449896 2.286778 -5.038031
v 0.031966 1.842869 -5.603243
v -0.633043 1.966085 -5.862963
v -1.320581 1.837835 -6.050846
v -0.486787 2.071656 -5.816084
v 0.411807 1.355890 -5.483649
v 0.106148 1.645779 -5.598929
v 0.493693 1.629906 -5.240617
v 0.418896 1.191711 -5.516018
v 0.568729 1.199348 -5.339077
v 0.611399 0.337560 -4.903275
v -1.422670 3.541506 -4.675257
v -2.222557 2.444664 -4.680756
v -1.909792 3.095825 -4.127021
v -2.019003 2.945908 -3.902022
v -2.222557 2.444664 -4.680756
v -2.800324 1.521899 -3.956957
v -3.023938 0.727799 -3.982127
v -3.398003 0.417840 -4.445876
v -2.025727 -0.022726 -3.899884
v -2.732937 1.329505 -4.244314
v -2.222557 2.444664 -4.680756
v -2.874058 1.342870 -4.559257
v -0.550800 1.184454 -5.809765
v -1.111968 0.859956 -5.960089
v -0.707895 1.790351 -5.883370
v -0.633043 1.966085 -5.862963
v -0.486787 2.071656 -5.816084
v -0.448566 2.013610 -5.902156
v -2.222557 2.444664 -4.680756
v -2.732937 1.329505 -4.244314
v -2.800324 1.521899 -3.956957
v -3.083044 0.992265 -3.859335
v -3.023938 0.727799 -3.982127
v -2.942445 1.222343 -3.449594
v -0.958449 0.587685 -2.929478
v -1.488509 0.134649 -3.360970
v -0.591637 0.408624 -3.210236
v -0.591637 0.408624 -3.210236
v -0.679513 2.581247 -3.440519
v -0.958449 0.587685 -2.929478
v -3.398003 0.417840 -4.445876
v -3.505700 0.126531 -4.693562
v -2.731814 -0.143919 -4.467664
v -3.177681 0.718499 -4.980413
v -2.924744 1.194787 -5.148185
v -2.476633 0.306364 -5.185472
v -0.448566 2.013610 -5.902156
v -0.488295 1.618217 -5.908450
v -0.707895 1.790351 -5.883370
v -0.065938 1.391957 -5.767612
v -0.488295 1.618217 -5.908450
v -0.296994 1.846712 -5.896156
v -1.047299 2.593997 -3.182486
v -1.590091 2.552793 -3.269130
v -0.958449 0.587685 -2.929478
v -1.048615 2.658695 -3.256845
v -0.671594 2.711451 -3.520553
v -1.352181 2.722224 -3.616980
v -1.397993 0.058368 -4.421631
v -2.487955 -0.117689 -4.474189
v -2.476633 0.306364 -5.185472
v -2.976710 0.105963 -4.967752
v -2.476633 0.306364 -5.185472
v -3.070374 -0.079804 -4.853804
v 0.120580 1.411527 -5.621686
v 0.106148 1.645779 -5.598929
v 0.418896 1.191711 -5.516018
v -0.032396 1.188945 -5.664312
v -0.550800 1.184454 -5.809765
v -0.065938 1.391957 -5.767612
v -1.504902 2.678920 -3.320530
v -1.048615 2.658695 -3.256845
v -1.352181 2.722224 -3.616980
v -2.022400 2.844322 -3.578485
v -1.352181 2.722224 -3.616980
v -2.019003 2.945908 -3.902022
v -3.505700 0.126531 -4.693562
v -3.279601 -0.077864 -4.731246
v -2.731814 -0.143919 -4.467664
v -2.476633 0.306364 -5.185472
v -2.487955 -0.117689 -4.474189
v -3.070374 -0.079804 -4.853804
v -0.032396 1.188945 -5.664312
v 0.418896 1.191711 -5.516018
v -0.097570 0.515161 -5.671301
v 0.120580 1.411527 -5.621686
v 0.418896 1.191711 -5.516018
v -0.032396 1.188945 -5.664312
v -2.222557 2.444664 -4.680756
v -1.422670 3.541506 -4.675257
v -1.349944 3.482373 -5.102765
v -1.225708 3.646557 -4.888984
v -1.422670 3.541506 -4.675257
v -1.062870 3.691151 -4.868557
v -0.026570 0.111872 -4.236779
v -1.021544 0.042135 -4.288192
v -0.796977 0.079347 -4.460313
v -1.021544 0.042135 -4.288192
v -0.026570 0.111872 -4.236779
v -1.057030 0.098564 -3.797685
v -0.164395 1.989959 -5.720430
v -0.344058 2.025909 -5.852353
v -0.486787 2.071656 -5.816084
v 0.103606 1.444555 -5.672453
v -0.296994 1.846712 -5.896156
v -0.046555 1.826714 -5.728632
v -1.352181 2.722224 -3.616980
v -0.671594 2.711451 -3.520553
v -0.369920 2.838806 -3.748197
v -0.679513 2.581247 -3.440519
v 0.139577 2.064093 -4.037714
v -0.369920 2.838806 -3.748197
v 0.422820 0.017765 -4.915129
v -0.456310 0.075051 -4.766892
v 0.132897 0.012775 -5.158195
v -0.026570 0.111872 -4.236779
v -0.456310 0.075051 -4.766892
v 0.422820 0.017765 -4.915129
v -3.217844 0.747571 -4.159503
v -3.023938 0.727799 -3.982127
v -3.082758 0.833338 -4.024993
v -3.082758 0.833338 -4.024993
v -3.023938 0.727799 -3.982127
v -3.083044 0.992265 -3.859335
v -1.320581 1.837835 -6.050846
v -1.406032 1.913311 -6.048050
v -0.372253 2.379779 -5.776897
v -1.111968 0.859956 -5.960089
v -1.406032 1.913311 -6.048050
v -1.320581 1.837835 -6.050846
v 0.363398 1.739333 -4.133020
v 0.487503 1.360350 -4.381451
v 0.450544 1.737346 -4.365508
v 0.450544 1.737346 -4.365508
v 0.449896 2.286778 -5.038031
v 0.139577 2.064093 -4.037714
v -2.106153 2.785544 -3.488877
v -2.942445 1.222343 -3.449594
v -2.897944 1.311685 -3.410567
v -2.897944 1.311685 -3.410567
v -2.942445 1.222343 -3.449594
v -2.023014 0.749791 -3.185974
v -1.437030 2.039754 -5.973407
v -0.372253 2.379779 -5.776897
v -1.406032 1.913311 -6.048050
v -1.406032 1.913311 -6.048050
v -2.282090 1.981864 -5.566739
v -1.437030 2.039754 -5.973407
v -0.065938 1.391957 -5.767612
v -0.296994 1.846712 -5.896156
v 0.103606 1.444555 -5.672453
v -0.065938 1.391957 -5.767612
v 0.103606 1.444555 -5.672453
v -0.032396 1.188945 -5.664312
v -3.217844 0.747571 -4.159503
v -3.398003 0.417840 -4.445876
v -3.023938 0.727799 -3.982127
v -2.874058 1.342870 -4.559257
v -3.534122 0.150887 -4.738787
v -3.398003 0.417840 -4.445876
v -1.504902 2.678920 -3.320530
v -1.590091 2.552793 -3.269130
v -1.047299 2.593997 -3.182486
v -2.019003 2.945908 -3.902022
v -2.106153 2.785544 -3.488877
v -2.022400 2.844322 -3.578485
v -0.097570 0.515161 -5.671301
v 0.422820 0.017765 -4.915129
v 0.132897 0.012775 -5.158195
v -0.456310 0.075051 -4.766892
v -0.215223 0.476033 -5.693889
v -0.011360 0.283838 -5.434072
v -2.732937 1.329505 -4.244314
v -2.874058 1.342870 -4.559257
v -3.217844 0.747571 -4.159503
v -3.217844 0.747571 -4.159503
v -2.874058 1.342870 -4.559257
v -3.398003 0.417840 -4.445876
v -1.062870 3.691151 -4.868557
v -0.501624 3.370555 -4.436614
v -0.770804 3.622985 -4.838208
v -0.770804 3.622985 -4.838208
v -1.169003 3.604073 -5.113932
v -1.062870 3.691151 -4.868557
v -1.320581 1.837835 -6.050846
v -0.372253 2.379779 -5.776897
v -0.486787 2.071656 -5.816084
v -0.164395 1.989959 -5.720430
v -0.486787 2.071656 -5.816084
v -0.372253 2.379779 -5.776897
v -1.488509 0.134649 -3.360970
v -0.958449 0.587685 -2.929478
v -1.472944 0.434425 -3.013276
v -2.023014 0.749791 -3.185974
v -2.025727 -0.022726 -3.899884
v -1.670189 0.078427 -3.502516
v -3.082758 0.833338 -4.024993
v -2.800324 1.521899 -3.956957
v -2.732937 1.329505 -4.244314
v -3.082758 0.833338 -4.024993
v -2.732937 1.329505 -4.244314
v -3.217844 0.747571 -4.159503
v -0.097570 0.515161 -5.671301
v -0.215223 0.476033 -5.693889
v -1.108477 0.701618 -5.907370
v -0.215223 0.476033 -5.693889
v -0.097570 0.515161 -5.671301
v -0.011360 0.283838 -5.434072
v -1.909792 3.095825 -4.127021
v -0.961760 2.981033 -3.963362
v -1.341908 3.126501 -4.151089
v -0.865524 3.107983 -4.116423
v -0.354363 2.942608 -3.891844
v -0.501624 3.370555 -4.436614
v -2.897944 1.311685 -3.410567
v -2.023014 0.749791 -3.185974
v -1.472944 0.434425 -3.013276
v -1.622712 0.394723 -3.107801
v -2.023014 0.749791 -3.185974
v -1.670189 0.078427 -3.502516
v -3.070374 -0.079804 -4.853804
v -3.269284 -0.080885 -4.801326
v -3.518564 0.155431 -4.862502
v -3.269284 -0.080885 -4.801326
v -3.070374 -0.079804 -4.853804
v -3.047762 -0.134426 -4.661542
v -0.488295 1.618217 -5.908450
v -0.448566 2.013610 -5.902156
v -0.296994 1.846712 -5.896156
v -0.344058 2.025909 -5.852353
v -0.046555 1.826714 -5.728632
v -0.296994 1.846712 -5.896156
v -2.106776 2.733507 -3.400550
v -1.504902 2.678920 -3.320530
v -2.022400 2.844322 -3.578485
v -2.022400 2.844322 -3.578485
v -1.504902 2.678920 -3.320530
v -1.352181 2.722224 -3.616980
v -0.354363 2.942608 -3.891844
v -0.307385 3.171929 -4.262286
v -0.501624 3.370555 -4.436614
v 0.449896 2.286778 -5.038031
v -0.501624 3.370555 -4.436614
v -0.307385 3.171929 -4.262286
v -3.177681 0.718499 -4.980413
v -3.534122 0.150887 -4.738787
v -2.924744 1.194787 -5.148185
v -3.534122 0.150887 -4.738787
v -3.518564 0.155431 -4.862502
v -3.424287 0.004556 -4.788893
v -1.488509 0.134649 -3.360970
v -1.622712 0.394723 -3.107801
v -1.670189 0.078427 -3.502516
v -0.526879 0.182046 -3.495530
v -1.488509 0.134649 -3.360970
v -1.670189 0.078427 -3.502516
v -0.131174 2.877456 -5.403948
v 0.449896 2.286778 -5.038031
v -0.287772 2.410889 -5.725749
v -1.160313 3.455747 -5.289184
v -0.131174 2.877456 -5.403948
v -0.292977 2.802437 -5.575315
v 0.487503 1.360350 -4.381451
v 0.611399 0.337560 -4.903275
v 0.568729 1.199348 -5.339077
v 0.611399 0.337560 -4.903275
v 0.549131 0.704566 -4.585785
v 0.379132 0.030939 -4.797983
v -0.550800 1.184454 -5.809765
v -0.707895 1.790351 -5.883370
v -0.488295 1.618217 -5.908450
v -0.550800 1.184454 -5.809765
v -0.488295 1.618217 -5.908450
v -0.065938 1.391957 -5.767612
v -2.019003 2.945908 -3.902022
v -1.352181 2.722224 -3.616980
v -1.909792 3.095825 -4.127021
v -1.909792 3.095825 -4.127021
v -2.222557 2.444664 -4.680756
v -2.019003 2.945908 -3.902022
v 0.487503 1.360350 -4.381451
v 0.549131 0.704566 -4.585785
v 0.611399 0.337560 -4.903275
v 0.363398 1.739333 -4.133020
v 0.549131 0.704566 -4.585785
v 0.487503 1.360350 -4.381451
v -1.670189 0.078427 -3.502516
v -2.025727 -0.022726 -3.899884
v -1.057030 0.098564 -3.797685
v -1.670189 0.078427 -3.502516
v -1.057030 0.098564 -3.797685
v -0.526879 0.182046 -3.495530
v -1.160313 3.455747 -5.289184
v -0.292977 2.802437 -5.575315
v -0.372253 2.379779 -5.776897
v -0.292977 2.802437 -5.575315
v -0.131174 2.877456 -5.403948
v -0.287772 2.410889 -5.725749
v -2.976710 0.105963 -4.967752
v -3.177681 0.718499 -4.980413
v -2.476633 0.306364 -5.185472
v -3.518564 0.155431 -4.862502
v -3.534122 0.150887 -4.738787
v -3.177681 0.718499 -4.980413
v -1.057030 0.098564 -3.797685
v -0.933952 0.008735 -4.064320
v -1.021544 0.042135 -4.288192
v -0.933952 0.008735 -4.064320
v -2.025727 -0.022726 -3.899884
v -1.393447 0.020497 -4.272668
v -2.106153 2.785544 -3.488877
v -2.800324 1.521899 -3.956957
v -3.083044 0.992265 -3.859335
v -3.082758 0.833338 -4.024993
v -3.083044 0.992265 -3.859335
v -2.800324 1.521899 -3.956957
v -0.292977 2.802437 -5.575315
v -0.287772 2.410889 -5.725749
v -0.372253 2.379779 -5.776897
v -0.372253 2.379779 -5.776897
v -0.287772 2.410889 -5.725749
v 0.031966 1.842869 -5.603243
v -0.679513 2.581247 -3.440519
v -0.671594 2.711451 -3.520553
v -1.047299 2.593997 -3.182486
v -0.671594 2.711451 -3.520553
v -0.679513 2.581247 -3.440519
v -0.369920 2.838806 -3.748197
v -2.976710 0.105963 -4.967752
v -3.070374 -0.079804 -4.853804
v -3.518564 0.155431 -4.862502
v -2.976710 0.105963 -4.967752
v -3.518564 0.155431 -4.862502
v -3.177681 0.718499 -4.980413
v -0.046555 1.826714 -5.728632
v 0.031966 1.842869 -5.603243
v 0.103606 1.444555 -5.672453
v -0.164395 1.989959 -5.720430
v -0.372253 2.379779 -5.776897
v 0.031966 1.842869 -5.603243
v -1.349944 3.482373 -5.102765
v -1.169003 3.604073 -5.113932
v -1.160313 3.455747 -5.289184
v -1.225708 3.646557 -4.888984
v -1.349944 3.482373 -5.102765
v -1.422670 3.541506 -4.675257
v -2.568296 1.806185 -3.368032
v -1.590091 2.552793 -3.269130
v -2.106776 2.733507 -3.400550
v -1.590091 2.552793 -3.269130
v -1.504902 2.678920 -3.320530
v -2.106776 2.733507 -3.400550
v -1.108477 0.701618 -5.907370
v -1.634403 0.685625 -5.666676
v -1.211594 0.871284 -5.943867
v -1.111968 0.859956 -5.960089
v -0.097570 0.515161 -5.671301
v -1.108477 0.701618 -5.907370
v -0.933952 0.008735 -4.064320
v -1.393447 0.020497 -4.272668
v -1.021544 0.042135 -4.288192
v -1.021544 0.042135 -4.288192
v -1.393447 0.020497 -4.272668
v -1.397993 0.058368 -4.421631
v -0.369920 2.838806 -3.748197
v 0.139577 2.064093 -4.037714
v -0.354363 2.942608 -3.891844
v -1.352181 2.722224 -3.616980
v -0.369920 2.838806 -3.748197
v -0.354363 2.942608 -3.891844
v -0.097570 0.515161 -5.671301
v 0.132897 0.012775 -5.158195
v -0.011360 0.283838 -5.434072
v -0.456310 0.075051 -4.766892
v -0.011360 0.283838 -5.434072
v 0.132897 0.012775 -5.158195
v -0.046555 1.826714 -5.728632
v -0.344058 2.025909 -5.852353
v -0.164395 1.989959 -5.720430
v -0.164395 1.989959 -5.720430
v 0.031966 1.842869 -5.603243
v -0.046555 1.826714 -5.728632
v -1.352181 2.722224 -3.616980
v -0.354363 2.942608 -3.891844
v -0.961760 2.981033 -3.963362
v -0.961760 2.981033 -3.963362
v -0.354363 2.942608 -3.891844
v -0.879020 2.999998 -4.059711
v -2.731814 -0.143919 -4.467664
v -3.279601 -0.077864 -4.731246
v -3.047762 -0.134426 -4.661542
v -3.047762 -0.134426 -4.661542
v -3.070374 -0.079804 -4.853804
v -2.487955 -0.117689 -4.474189
v -1.169003 3.604073 -5.113932
v -1.349944 3.482373 -5.102765
v -1.225708 3.646557 -4.888984
v -1.169003 3.604073 -5.113932
v -1.225708 3.646557 -4.888984
v -1.062870 3.691151 -4.868557
v -1.622712 0.394723 -3.107801
v -1.472944 0.434425 -3.013276
v -2.023014 0.749791 -3.185974
v -1.472944 0.434425 -3.013276
v -1.622712 0.394723 -3.107801
v -1.488509 0.134649 -3.360970
v -0.032396 1.188945 -5.664312
v 0.103606 1.444555 -5.672453
v 0.120580 1.411527 -5.621686
v 0.106148 1.645779 -5.598929
v 0.120580 1.411527 -5.621686
v 0.103606 1.444555 -5.672453
v -1.320581 1.837835 -6.050846
v -0.633043 1.966085 -5.862963
v -0.707895 1.790351 -5.883370
v -0.448566 2.013610 -5.902156
v -0.707895 1.790351 -5.883370
v -0.633043 1.966085 -5.862963
v 0.379132 0.030939 -4.797983
v -0.026570 0.111872 -4.236779
v 0.422820 0.017765 -4.915129
v 0.611399 0.337560 -4.903275
v 0.379132 0.030939 -4.797983
v 0.422820 0.017765 -4.915129
v -0.961760 2.981033 -3.963362
v -0.879020 2.999998 -4.059711
v -1.341908 3.126501 -4.151089
v -0.879020 2.999998 -4.059711
v -0.354363 2.942608 -3.891844
v -0.865524 3.107983 -4.116423
v -2.924744 1.194787 -5.148185
v -2.512791 1.835477 -5.214930
v -2.282090 1.981864 -5.566739
v -2.512791 1.835477 -5.214930
v -2.222557 2.444664 -4.680756
v -2.192076 2.259307 -5.240103
v -1.047299 2.593997 -3.182486
v -0.671594 2.711451 -3.520553
v -1.048615 2.658695 -3.256845
v -1.504902 2.678920 -3.320530
v -1.047299 2.593997 -3.182486
v -1.048615 2.658695 -3.256845
v -1.393447 0.020497 -4.272668
v -2.731814 -0.143919 -4.467664
v -2.487955 -0.117689 -4.474189
v -2.487955 -0.117689 -4.474189
v -2.731814 -0.143919 -4.467664
v -3.047762 -0.134426 -4.661542
v -0.879020 2.999998 -4.059711
v -0.865524 3.107983 -4.116423
v -1.341908 3.126501 -4.151089
v -0.865524 3.107983 -4.116423
v -0.501624 3.370555 -4.436614
v -1.341908 3.126501 -4.151089
v -0.296994 1.846712 -5.896156
v -0.448566 2.013610 -5.902156
v -0.344058 2.025909 -5.852353
v -0.344058 2.025909 -5.852353
v -0.448566 2.013610 -5.902156
v -0.486787 2.071656 -5.816084
v 0.411807 1.355890 -5.483649
v 0.493693 1.629906 -5.240617
v 0.568729 1.199348 -5.339077
v 0.493693 1.629906 -5.240617
v 0.449896 2.286778 -5.038031
v 0.568729 1.199348 -5.339077
v -2.282090 1.981864 -5.566739
v -2.512791 1.835477 -5.214930
v -2.192076 2.259307 -5.240103
v -2.282090 1.981864 -5.566739
v -2.094902 2.206959 -5.503482
v -1.437030 2.039754 -5.973407
v -1.021544 0.042135 -4.288192
v -1.397993 0.058368 -4.421631
v -1.082890 0.094783 -4.535719
v -1.634403 0.685625 -5.666676
v -1.049153 0.264833 -4.861009
v -1.397993 0.058368 -4.421631
v -2.568296 1.806185 -3.368032
v -2.106776 2.733507 -3.400550
v -2.897944 1.311685 -3.410567
v -1.472944 0.434425 -3.013276
v -2.568296 1.806185 -3.368032
v -2.897944 1.311685 -3.410567
v -3.269284 -0.080885 -4.801326
v -3.424287 0.004556 -4.788893
v -3.518564 0.155431 -4.862502
v -3.424287 0.004556 -4.788893
v -3.279601 -0.077864 -4.731246
v -3.505700 0.126531 -4.693562
v 0.139577 2.064093 -4.037714
v 0.363398 1.739333 -4.133020
v 0.450544 1.737346 -4.365508
v -0.066950 0.849320 -3.687872
v 0.363398 1.739333 -4.133020
v 0.139577 2.064093 -4.037714
v -1.049153 0.264833 -4.861009
v -0.456310 0.075051 -4.766892
v -1.082890 0.094783 -4.535719
v -1.397993 0.058368 -4.421631
v -1.049153 0.264833 -4.861009
v -1.082890 0.094783 -4.535719
v -2.222557 2.444664 -4.680756
v -1.958307 2.527169 -5.367628
v -2.192076 2.259307 -5.240103
v -2.192076 2.259307 -5.240103
v -2.094902 2.206959 -5.503482
v -2.282090 1.981864 -5.566739
v 0.418896 1.191711 -5.516018
v 0.411807 1.355890 -5.483649
v 0.568729 1.199348 -5.339077
v 0.106148 1.645779 -5.598929
v 0.411807 1.355890 -5.483649
v 0.418896 1.191711 -5.516018
v -2.106776 2.733507 -3.400550
v -2.022400 2.844322 -3.578485
v -2.106153 2.785544 -3.488877
v -2.106776 2.733507 -3.400550
v -2.106153 2.785544 -3.488877
v -2.897944 1.311685 -3.410567
v -3.279601 -0.077864 -4.731246
v -3.424287 0.004556 -4.788893
v -3.269284 -0.080885 -4.801326
v -3.047762 -0.134426 -4.661542
v -3.279601 -0.077864 -4.731246
v -3.269284 -0.080885 -4.801326
v -1.958307 2.527169 -5.367628
v -2.094902 2.206959 -5.503482
v -2.192076 2.259307 -5.240103
v -1.437030 2.039754 -5.973407
v -2.094902 2.206959 -5.503482
v -1.958307 2.527169 -5.367628
v -0.796977 0.079347 -4.460313
v -1.021544 0.042135 -4.288192
v -1.082890 0.094783 -4.535719
v -0.796977 0.079347 -4.460313
v -1.082890 0.094783 -4.535719
v -0.456310 0.075051 -4.766892
v 0.106148 1.645779 -5.598929
v 0.031966 1.842869 -5.603243
v 0.493693 1.629906 -5.240617
v 0.103606 1.444555 -5.672453
v 0.031966 1.842869 -5.603243
v 0.106148 1.645779 -5.598929
v -1.108477 0.701618 -5.907370
v -1.211594 0.871284 -5.943867
v -1.111968 0.859956 -5.960089
v -1.111968 0.859956 -5.960089
v -1.211594 0.871284 -5.943867
v -1.406032 1.913311 -6.048050
v -3.505700 0.126531 -4.693562
v -3.534122 0.150887 -4.738787
v -3.424287 0.004556 -4.788893
v -3.534122 0.150887 -4.738787
v -3.505700 0.126531 -4.693562
v -3.398003 0.417840 -4.445876
v 4.833526 0.825620 0.968274
v 4.413554 0.354742 2.022779
v 4.113542 0.038650 0.818752
v 4.464227 1.146041 0.178837
v 4.820919 1.352894 0.792971
v 4.517378 0.454659 0.454487
v 3.073951 1.429870 2.327130
v 4.007614 1.264817 2.680348
v 3.453256 1.696311 2.269462
v 3.243925 0.131368 2.128182
v 3.804753 0.072115 1.204660
v 4.168378 0.101728 2.124094
v 3.284869 0.723083 0.651116
v 3.534853 0.085580 0.196952
v 3.244578 0.145768 0.904635
v 3.504673 1.375739 0.253666
v 2.999604 1.411509 2.056555
v 4.044038 1.761408 0.760161
v 4.820919 1.352894 0.792971
v 4.464227 1.146041 0.178837
v 4.589108 1.657525 1.030657
v 4.817257 0.885123 1.050054
v 4.272608 1.010412 1.975033
v 4.413554 0.354742 2.022779
v 3.073951 1.429870 2.327130
v 3.329699 0.782306 2.653766
v 4.013565 1.156628 2.727768
v 2.999604 1.411509 2.056555
v 3.117358 0.509404 1.117537
v 2.988006 0.246397 1.430214
v 4.256656 0.584903 2.388360
v 4.272608 1.010412 1.975033
v 4.072922 1.203517 2.627409
v 4.013565 1.156628 2.727768
v 3.329699 0.782306 2.653766
v 4.256656 0.584903 2.388360
v 2.988006 0.246397 1.430214
v 3.243925 0.131368 2.128182
v 3.073951 1.429870 2.327130
v 3.804753 0.072115 1.204660
v 3.243925 0.131368 2.128182
v 3.017303 0.168074 1.457190
v 3.974980 0.920503 -0.099323
v 3.564872 0.203517 0.061568
v 3.516929 1.165663 0.060446
v 4.044038 1.761408 0.760161
v 4.464227 1.146041 0.178837
v 3.504673 1.375739 0.253666
v 3.244578 0.145768 0.904635
v 3.534853 0.085580 0.196952
v 4.112526 0.000000 0.318896
v 4.517378 0.454659 0.454487
v 3.779984 0.060488 0.044116
v 3.974980 0.920503 -0.099323
v 2.999604 1.411509 2.056555
v 3.453256 1.696311 2.269462
v 4.044038 1.761408 0.760161
v 4.007614 1.264817 2.680348
v 4.175919 1.436800 2.074980
v 3.551273 1.650017 2.324161
v 3.453256 1.696311 2.269462
v 4.404612 1.606033 1.469174
v 4.042223 1.808969 1.237318
v 4.589108 1.657525 1.030657
v 4.464227 1.146041 0.178837
v 4.281174 1.733523 0.862996
v 4.597881 1.587648 1.145540
v 4.817257 0.885123 1.050054
v 4.820919 1.352894 0.792971
v 4.833526 0.825620 0.968274
v 4.517378 0.454659 0.454487
v 4.820919 1.352894 0.792971
v 4.517378 0.454659 0.454487
v 4.112526 0.000000 0.318896
v 3.779984 0.060488 0.044116
v 4.517378 0.454659 0.454487
v 4.833526 0.825620 0.968274
v 4.113542 0.038650 0.818752
v 4.272608 1.010412 1.975033
v 4.817257 0.885123 1.050054
v 4.597881 1.587648 1.145540
v 4.042223 1.808969 1.237318
v 4.404612 1.606033 1.469174
v 4.589108 1.657525 1.030657
v 2.999604 1.411509 2.056555
v 3.073951 1.429870 2.327130
v 3.453256 1.696311 2.269462
v 2.988006 0.246397 1.430214
v 3.073951 1.429870 2.327130
v 2.999604 1.411509 2.056555
v 4.112526 0.000000 0.318896
v 3.534853 0.085580 0.196952
v 3.779984 0.060488 0.044116
v 3.727693 0.179246 -0.010886
v 3.564872 0.203517 0.061568
v 3.974980 0.920503 -0.099323
v 4.072922 1.203517 2.627409
v 4.272608 1.010412 1.975033
v 4.175919 1.436800 2.074980
v 4.404612 1.606033 1.469174
v 4.272608 1.010412 1.975033
v 4.597881 1.587648 1.145540
v 4.464227 1.146041 0.178837
v 3.974980 0.920503 -0.099323
v 3.753131 1.095286 -0.008654
v 4.464227 1.146041 0.178837
v 4.517378 0.454659 0.454487
v 3.974980 0.920503 -0.099323
v 3.073951 1.429870 2.327130
v 3.329556 0.139631 2.310468
v 3.329699 0.782306 2.653766
v 4.309831 0.280560 2.203133
v 3.329699 0.782306 2.653766
v 3.329556 0.139631 2.310468
v 4.272608 1.010412 1.975033
v 4.256656 0.584903 2.388360
v 4.413554 0.354742 2.022779
v 4.256656 0.584903 2.388360
v 3.329699 0.782306 2.653766
v 4.309831 0.280560 2.203133
v 3.450438 0.849741 0.134040
v 2.999604 1.411509 2.056555
v 3.504673 1.375739 0.253666
v 4.464227 1.146041 0.178837
v 3.753131 1.095286 -0.008654
v 3.504673 1.375739 0.253666
v 4.309831 0.280560 2.203133
v 3.329556 0.139631 2.310468
v 4.168378 0.101728 2.124094
v 4.113542 0.038650 0.818752
v 4.413554 0.354742 2.022779
v 4.168378 0.101728 2.124094
v 3.564872 0.203517 0.061568
v 3.284869 0.723083 0.651116
v 3.450438 0.849741 0.134040
v 2.999604 1.411509 2.056555
v 3.450438 0.849741 0.134040
v 3.284869 0.723083 0.651116
v 3.516929 1.165663 0.060446
v 3.564872 0.203517 0.061568
v 3.450438 0.849741 0.134040
v 3.450438 0.849741 0.134040
v 3.504673 1.375739 0.253666
v 3.516929 1.165663 0.060446
v 4.413554 0.354742 2.022779
v 4.309831 0.280560 2.203133
v 4.168378 0.101728 2.124094
v 4.256656 0.584903 2.388360
v 4.309831 0.280560 2.203133
v 4.413554 0.354742 2.022779
v 4.096830 1.808837 0.935795
v 3.453256 1.696311 2.269462
v 4.042223 1.808969 1.237318
v 4.281174 1.733523 0.862996
v 4.464227 1.146041 0.178837
v 4.044038 1.761408 0.760161
v 4.112526 0.000000 0.318896
v 4.517378 0.454659 0.454487
v 4.113542 0.038650 0.818752
v 4.112526 0.000000 0.318896
v 3.804753 0.072115 1.204660
v 3.244578 0.145768 0.904635
v 4.589108 1.657525 1.030657
v 4.243955 1.793228 0.982110
v 4.042223 1.808969 1.237318
v 4.042223 1.808969 1.237318
v 4.243955 1.793228 0.982110
v 4.096830 1.808837 0.935795
v 3.244578 0.145768 0.904635
v 3.029556 0.256516 1.284438
v 3.117358 0.509404 1.117537
v 3.804753 0.072115 1.204660
v 3.017303 0.168074 1.457190
v 3.244578 0.145768 0.904635
v 3.551273 1.650017 2.324161
v 4.175919 1.436800 2.074980
v 4.404612 1.606033 1.469174
v 4.404612 1.606033 1.469174
v 4.175919 1.436800 2.074980
v 4.272608 1.010412 1.975033
v 4.589108 1.657525 1.030657
v 4.597881 1.587648 1.145540
v 4.820919 1.352894 0.792971
v 4.404612 1.606033 1.469174
v 4.597881 1.587648 1.145540
v 4.589108 1.657525 1.030657
v 3.017303 0.168074 1.457190
v 3.243925 0.131368 2.128182
v 2.988006 0.246397 1.430214
v 3.029556 0.256516 1.284438
v 3.244578 0.145768 0.904635
v 3.017303 0.168074 1.457190
v 3.727693 0.179246 -0.010886
v 3.632638 0.088312 0.074862
v 3.564872 0.203517 0.061568
v 3.564872 0.203517 0.061568
v 3.534853 0.085580 0.196952
v 3.284869 0.723083 0.651116
v 4.007614 1.264817 2.680348
v 4.072922 1.203517 2.627409
v 4.175919 1.436800 2.074980
v 3.073951 1.429870 2.327130
v 4.013565 1.156628 2.727768
v 4.007614 1.264817 2.680348
v 3.504673 1.375739 0.253666
v 3.753131 1.095286 -0.008654
v 3.516929 1.165663 0.060446
v 3.974980 0.920503 -0.099323
v 3.516929 1.165663 0.060446
v 3.753131 1.095286 -0.008654
v 2.988006 0.246397 1.430214
v 3.029556 0.256516 1.284438
v 3.017303 0.168074 1.457190
v 2.988006 0.246397 1.430214
v 3.117358 0.509404 1.117537
v 3.029556 0.256516 1.284438
v 3.779984 0.060488 0.044116
v 3.632638 0.088312 0.074862
v 3.727693 0.179246 -0.010886
v 3.779984 0.060488 0.044116
v 3.727693 0.179246 -0.010886
v 3.974980 0.920503 -0.099323
v 3.453256 1.696311 2.269462
v 4.096830 1.808837 0.935795
v 4.044038 1.761408 0.760161
v 4.044038 1.761408 0.760161
v 4.096830 1.808837 0.935795
v 4.243955 1.793228 0.982110
v 4.072922 1.203517 2.627409
v 4.007614 1.264817 2.680348
v 4.013565 1.156628 2.727768
v 4.072922 1.203517 2.627409
v 4.013565 1.156628 2.727768
v 4.256656 0.584903 2.388360
v 3.534853 0.085580 0.196952
v 3.632638 0.088312 0.074862
v 3.779984 0.060488 0.044116
v 3.564872 0.203517 0.061568
v 3.632638 0.088312 0.074862
v 3.534853 0.085580 0.196952
v 4.820919 1.352894 0.792971
v 4.817257 0.885123 1.050054
v 4.833526 0.825620 0.968274
v 4.413554 0.354742 2.022779
v 4.833526 0.825620 0.968274
v 4.817257 0.885123 1.050054
v 4.168378 0.101728 2.124094
v 3.329556 0.139631 2.310468
v 3.243925 0.131368 2.128182
v 3.243925 0.131368 2.128182
v 3.329556 0.139631 2.310468
v 3.073951 1.429870 2.327130
v 3.453256 1.696311 2.269462
v 4.007614 1.264817 2.680348
v 3.551273 1.650017 2.324161
v 3.551273 1.650017 2.324161
v 4.404612 1.606033 1.469174
v 3.453256 1.696311 2.269462
v 4.113542 0.038650 0.818752
v 4.168378 0.101728 2.124094
v 3.804753 0.072115 1.204660
v 4.113542 0.038650 0.818752
v 3.804753 0.072115 1.204660
v 4.112526 0.000000 0.318896
v 4.281174 1.733523 0.862996
v 4.044038 1.761408 0.760161
v 4.243955 1.793228 0.982110
v 4.281174 1.733523 0.862996
v 4.243955 1.793228 0.982110
v 4.589108 1.657525 1.030657
v 2.999604 1.411509 2.056555
v 3.284869 0.723083 0.651116
v 3.117358 0.509404 1.117537
v 3.284869 0.723083 0.651116
v 3.244578 0.145768 0.904635
v 3.117358 0.509404 1.117537
v 3.878948 2.037330 -2.281912
v 3.212311 1.618221 -2.392981
v 3.096278 1.616911 -1.656550
v 3.347780 0.099619 -1.729178
v 3.275949 0.094239 -0.242720
v 2.934012 0.609125 -0.520873
v 4.257143 1.493603 -1.878568
v 3.741555 0.467149 -3.066198
v 3.953096 1.945970 -2.359559
v 4.210587 1.342781 -0.404161
v 4.588680 0.864396 -0.566387
v 4.013077 1.772425 -1.597638
v 4.461493 0.181299 -0.374242
v 3.318855 0.024743 -0.343723
v 3.347780 0.099619 -1.729178
v 3.275949 0.094239 -0.242720
v 3.550963 0.104191 -0.072118
v 3.383418 1.321537 -0.266208
v 3.694846 1.927081 -1.924334
v 3.878948 2.037330 -2.281912
v 3.096278 1.616911 -1.656550
v 3.383418 1.321537 -0.266208
v 2.934012 0.609125 -0.520873
v 3.275949 0.094239 -0.242720
v 3.988461 1.290987 -0.182960
v 4.393753 0.165000 -0.277637
v 4.595888 0.645362 -0.499522
v 4.461493 0.181299 -0.374242
v 3.833243 0.204018 -2.461865
v 4.470645 1.014232 -1.458564
v 3.353719 1.686483 -2.527906
v 3.844583 1.996602 -2.390538
v 3.741555 0.467149 -3.066198
v 3.212311 1.618221 -2.392981
v 3.047823 0.422939 -2.885868
v 2.938859 0.700448 -1.971571
v 3.833243 0.204018 -2.461865
v 4.461493 0.181299 -0.374242
v 3.314271 0.117868 -2.201496
v 3.741555 0.467149 -3.066198
v 3.479901 0.419370 -3.097081
v 3.353719 1.686483 -2.527906
v 3.735298 1.247345 -0.060157
v 3.754624 0.168018 0.023303
v 3.988461 1.290987 -0.182960
v 4.210587 1.342781 -0.404161
v 3.860130 2.003083 -2.065232
v 3.694846 1.927081 -1.924334
v 2.934012 0.609125 -0.520873
v 3.244254 1.320643 -0.378614
v 3.022337 1.460981 -1.014424
v 3.096278 1.616911 -1.656550
v 3.212311 1.618221 -2.392981
v 2.938859 0.700448 -1.971571
v 4.393753 0.165000 -0.277637
v 3.318855 0.024743 -0.343723
v 4.461493 0.181299 -0.374242
v 4.393753 0.165000 -0.277637
v 4.461493 0.181299 -0.374242
v 4.595888 0.645362 -0.499522
v 3.077812 0.384042 -2.915124
v 3.314271 0.117868 -2.201496
v 2.938859 0.700448 -1.971571
v 3.479901 0.419370 -3.097081
v 3.741016 0.367544 -2.971349
v 3.314271 0.117868 -2.201496
v 4.470645 1.014232 -1.458564
v 4.606794 0.846608 -0.782391
v 4.461493 0.181299 -0.374242
v 4.013077 1.772425 -1.597638
v 4.588680 0.864396 -0.566387
v 4.501667 1.074185 -1.325700
v 2.934012 0.609125 -0.520873
v 2.805779 0.852556 -1.149063
v 3.347780 0.099619 -1.729178
v 2.805779 0.852556 -1.149063
v 2.934012 0.609125 -0.520873
v 3.022337 1.460981 -1.014424
v 3.878948 2.037330 -2.281912
v 4.257143 1.493603 -1.878568
v 3.953096 1.945970 -2.359559
v 3.844583 1.996602 -2.390538
v 3.212311 1.618221 -2.392981
v 3.878948 2.037330 -2.281912
v 3.318855 0.024743 -0.343723
v 3.275949 0.094239 -0.242720
v 3.347780 0.099619 -1.729178
v 3.550963 0.104191 -0.072118
v 3.275949 0.094239 -0.242720
v 3.318855 0.024743 -0.343723
v 3.844583 1.996602 -2.390538
v 3.953096 1.945970 -2.359559
v 3.741555 0.467149 -3.066198
v 3.953096 1.945970 -2.359559
v 3.844583 1.996602 -2.390538
v 3.878948 2.037330 -2.281912
v 3.212311 1.618221 -2.392981
v 3.225962 1.484706 -2.603560
v 3.047823 0.422939 -2.885868
v 3.212311 1.618221 -2.392981
v 3.844583 1.996602 -2.390538
v 3.353719 1.686483 -2.527906
v 3.988461 1.290987 -0.182960
v 3.694846 1.927081 -1.924334
v 3.735298 1.247345 -0.060157
v 3.383418 1.321537 -0.266208
v 3.550963 0.104191 -0.072118
v 3.735298 1.247345 -0.060157
v 3.344954 1.628559 -1.235981
v 3.694846 1.927081 -1.924334
v 2.997378 1.535730 -1.333614
v 3.735298 1.247345 -0.060157
v 3.694846 1.927081 -1.924334
v 3.383418 1.321537 -0.266208
v 4.080164 0.653547 -2.350334
v 4.470645 1.014232 -1.458564
v 3.833243 0.204018 -2.461865
v 3.741016 0.367544 -2.971349
v 3.833243 0.204018 -2.461865
v 3.314271 0.117868 -2.201496
v 3.206350 0.432143 -3.051022
v 3.106295 0.473609 -2.991432
v 3.225962 1.484706 -2.603560
v 3.077812 0.384042 -2.915124
v 3.206350 0.432143 -3.051022
v 3.314271 0.117868 -2.201496
v 3.694846 1.927081 -1.924334
v 3.988461 1.290987 -0.182960
v 4.210587 1.342781 -0.404161
v 3.988461 1.290987 -0.182960
v 4.595888 0.645362 -0.499522
v 4.300402 1.223717 -0.393150
v 4.595888 0.645362 -0.499522
v 4.588680 0.864396 -0.566387
v 4.300402 1.223717 -0.393150
v 4.595888 0.645362 -0.499522
v 4.461493 0.181299 -0.374242
v 4.606794 0.846608 -0.782391
v 2.805779 0.852556 -1.149063
v 2.938859 0.700448 -1.971571
v 3.347780 0.099619 -1.729178
v 2.805779 0.852556 -1.149063
v 3.096278 1.616911 -1.656550
v 2.938859 0.700448 -1.971571
v 4.588680 0.864396 -0.566387
v 4.606794 0.846608 -0.782391
v 4.501667 1.074185 -1.325700
v 4.588680 0.864396 -0.566387
v 4.595888 0.645362 -0.499522
v 4.606794 0.846608 -0.782391
v 3.078603 1.531787 -1.009480
v 3.244254 1.320643 -0.378614
v 3.447974 1.599422 -1.049190
v 3.383418 1.321537 -0.266208
v 3.694846 1.927081 -1.924334
v 3.447974 1.599422 -1.049190
v 3.479901 0.419370 -3.097081
v 3.225962 1.484706 -2.603560
v 3.353719 1.686483 -2.527906
v 3.353719 1.686483 -2.527906
v 3.225962 1.484706 -2.603560
v 3.212311 1.618221 -2.392981
v 3.244254 1.320643 -0.378614
v 2.934012 0.609125 -0.520873
v 3.383418 1.321537 -0.266208
v 3.244254 1.320643 -0.378614
v 3.383418 1.321537 -0.266208
v 3.447974 1.599422 -1.049190
v 4.606794 0.846608 -0.782391
v 4.470645 1.014232 -1.458564
v 4.501667 1.074185 -1.325700
v 4.080164 0.653547 -2.350334
v 4.291708 1.415107 -1.774676
v 4.470645 1.014232 -1.458564
v 3.479901 0.419370 -3.097081
v 3.741555 0.467149 -3.066198
v 3.741016 0.367544 -2.971349
v 4.257143 1.493603 -1.878568
v 4.080164 0.653547 -2.350334
v 3.741555 0.467149 -3.066198
v 3.046976 1.525760 -1.212328
v 3.344954 1.628559 -1.235981
v 2.997378 1.535730 -1.333614
v 2.997378 1.535730 -1.333614
v 2.805779 0.852556 -1.149063
v 2.994664 1.421311 -1.092101
v 4.393753 0.165000 -0.277637
v 3.550963 0.104191 -0.072118
v 3.318855 0.024743 -0.343723
v 3.754624 0.168018 0.023303
v 4.393753 0.165000 -0.277637
v 3.988461 1.290987 -0.182960
v 4.080164 0.653547 -2.350334
v 3.833243 0.204018 -2.461865
v 3.784341 0.422414 -2.993784
v 3.784341 0.422414 -2.993784
v 3.741555 0.467149 -3.066198
v 4.080164 0.653547 -2.350334
v 2.997378 1.535730 -1.333614
v 3.096278 1.616911 -1.656550
v 2.805779 0.852556 -1.149063
v 3.096278 1.616911 -1.656550
v 2.997378 1.535730 -1.333614
v 3.694846 1.927081 -1.924334
v 3.314271 0.117868 -2.201496
v 3.206350 0.432143 -3.051022
v 3.479901 0.419370 -3.097081
v 3.479901 0.419370 -3.097081
v 3.206350 0.432143 -3.051022
v 3.225962 1.484706 -2.603560
v 3.754624 0.168018 0.023303
v 3.550963 0.104191 -0.072118
v 4.393753 0.165000 -0.277637
v 3.754624 0.168018 0.023303
v 3.735298 1.247345 -0.060157
v 3.550963 0.104191 -0.072118
v 3.694846 1.927081 -1.924334
v 3.860130 2.003083 -2.065232
v 3.878948 2.037330 -2.281912
v 3.860130 2.003083 -2.065232
v 4.210587 1.342781 -0.404161
v 4.013077 1.772425 -1.597638
v 2.994664 1.421311 -1.092101
v 3.046976 1.525760 -1.212328
v 2.997378 1.535730 -1.333614
v 3.022337 1.460981 -1.014424
v 3.244254 1.320643 -0.378614
v 3.078603 1.531787 -1.009480
v 3.741016 0.367544 -2.971349
v 3.784341 0.422414 -2.993784
v 3.833243 0.204018 -2.461865
v 3.741555 0.467149 -3.066198
v 3.784341 0.422414 -2.993784
v 3.741016 0.367544 -2.971349
v 3.860130 2.003083 -2.065232
v 4.013077 1.772425 -1.597638
v 3.878948 2.037330 -2.281912
v 4.013077 1.772425 -1.597638
v 4.257143 1.493603 -1.878568
v 3.878948 2.037330 -2.281912
v 3.022337 1.460981 -1.014424
v 3.078603 1.531787 -1.009480
v 3.046976 1.525760 -1.212328
v 3.046976 1.525760 -1.212328
v 3.078603 1.531787 -1.009480
v 3.267363 1.624794 -1.150323
v 2.938859 0.700448 -1.971571
v 3.314271 0.117868 -2.201496
v 3.347780 0.099619 -1.729178
v 3.314271 0.117868 -2.201496
v 4.461493 0.181299 -0.374242
v 3.347780 0.099619 -1.729178
v 4.291708 1.415107 -1.774676
v 4.013077 1.772425 -1.597638
v 4.501667 1.074185 -1.325700
v 4.470645 1.014232 -1.458564
v 4.291708 1.415107 -1.774676
v 4.501667 1.074185 -1.325700
v 3.078603 1.531787 -1.009480
v 3.447974 1.599422 -1.049190
v 3.267363 1.624794 -1.150323
v 3.046976 1.525760 -1.212328
v 3.267363 1.624794 -1.150323
v 3.344954 1.628559 -1.235981
v 4.080164 0.653547 -2.350334
v 4.257143 1.493603 -1.878568
v 4.291708 1.415107 -1.774676
v 4.013077 1.772425 -1.597638
v 4.291708 1.415107 -1.774676
v 4.257143 1.493603 -1.878568
v 3.225962 1.484706 -2.603560
v 3.106295 0.473609 -2.991432
v 3.047823 0.422939 -2.885868
v 3.106295 0.473609 -2.991432
v 3.206350 0.432143 -3.051022
v 3.077812 0.384042 -2.915124
v 3.694846 1.927081 -1.924334
v 3.344954 1.628559 -1.235981
v 3.447974 1.599422 -1.049190
v 3.344954 1.628559 -1.235981
v 3.267363 1.624794 -1.150323
v 3.447974 1.599422 -1.049190
v 2.994664 1.421311 -1.092101
v 3.022337 1.460981 -1.014424
v 3.046976 1.525760 -1.212328
v 3.022337 1.460981 -1.014424
v 2.994664 1.421311 -1.092101
v 2.805779 0.852556 -1.149063
v 3.106295 0.473609 -2.991432
v 3.077812 0.384042 -2.915124
v 3.047823 0.422939 -2.885868
v 2.938859 0.700448 -1.971571
v 3.047823 0.422939 -2.885868
v 3.077812 0.384042 -2.915124
v 4.300402 1.223717 -0.393150
v 4.588680 0.864396 -0.566387
v 4.210587 1.342781 -0.404161
v 4.210587 1.342781 -0.404161
v 3.988461 1.290987 -0.182960
v 4.300402 1.223717 -0.393150
v 1.214124 0.092569 -3.886636
v 1.225268 0.289991 -5.049846
v 3.164330 0.260208 -3.405887
v 2.014012 1.092924 -2.176869
v 2.924858 1.091385 -2.567055
v 2.871673 2.435734 -3.123885
v 0.727070 1.688519 -4.956845
v 1.812552 2.324883 -3.995209
v 2.122850 2.167699 -4.631471
v 2.924858 1.091385 -2.567055
v 3.223828 2.109581 -3.574147
v 2.871673 2.435734 -3.123885
v 2.638243 2.650182 -3.245989
v 0.710786 1.911511 -4.336040
v 1.654315 2.302772 -2.697700
v 1.241609 0.822130 -2.697237
v 1.683371 2.030386 -2.489763
v 0.968661 1.240667 -3.402922
v 1.507944 0.810657 -2.125927
v 1.980038 0.604022 -2.132804
v 1.675257 1.430806 -2.193958
v 2.375250 0.062427 -2.571698
v 1.214124 0.092569 -3.886636
v 3.164330 0.260208 -3.405887
v 1.712223 0.468334 -5.229366
v 1.245821 0.383912 -5.306553
v 1.065922 1.522100 -5.396668
v 0.540763 0.815509 -4.382405
v 0.854497 0.473949 -4.576445
v 0.722386 0.396208 -3.413292
v 0.782997 1.524314 -5.317796
v 0.734960 0.768474 -5.368425
v 0.540763 0.815509 -4.382405
v 1.812552 2.324883 -3.995209
v 0.727070 1.688519 -4.956845
v 0.710786 1.911511 -4.336040
v 0.535868 0.932101 -4.239356
v 0.710786 1.911511 -4.336040
v 0.727070 1.688519 -4.956845
v 1.683371 2.030386 -2.489763
v 0.689618 1.866997 -4.247742
v 0.968661 1.240667 -3.402922
v 3.429901 0.442161 -4.149674
v 3.164330 0.260208 -3.405887
v 1.225268 0.289991 -5.049846
v 3.223828 2.109581 -3.574147
v 2.889979 2.572439 -4.091404
v 3.018468 2.815414 -3.483996
v 2.014012 1.092924 -2.176869
v 2.871673 2.435734 -3.123885
v 1.683371 2.030386 -2.489763
v 1.439338 1.146557 -2.405418
v 1.683371 2.030386 -2.489763
v 1.241609 0.822130 -2.697237
v 2.014012 1.092924 -2.176869
v 1.980038 0.604022 -2.132804
v 2.924858 1.091385 -2.567055
v 3.674422 0.480722 -3.774167
v 3.010571 0.792937 -2.613386
v 2.375250 0.062427 -2.571698
v 0.999172 -0.025235 -3.385787
v 0.854497 0.473949 -4.576445
v 1.091465 0.347687 -4.954340
v 1.245821 0.383912 -5.306553
v 0.734960 0.768474 -5.368425
v 1.065922 1.522100 -5.396668
v 1.980038 0.604022 -2.132804
v 1.187251 0.204827 -2.642343
v 1.298023 0.029232 -2.735253
v 0.854497 0.473949 -4.576445
v 0.999172 -0.025235 -3.385787
v 0.722386 0.396208 -3.413292
v 1.298023 0.029232 -2.735253
v 2.234628 0.112074 -2.435245
v 1.980038 0.604022 -2.132804
v 2.260580 0.348927 -2.263824
v 3.010571 0.792937 -2.613386
v 1.980038 0.604022 -2.132804
v 3.617255 0.473140 -3.932696
v 3.594874 0.410451 -3.769842
v 3.429901 0.442161 -4.149674
v 3.674422 0.480722 -3.774167
v 2.375250 0.062427 -2.571698
v 3.594874 0.410451 -3.769842
v 0.576222 1.180574 -4.131182
v 0.689618 1.866997 -4.247742
v 0.535868 0.932101 -4.239356
v 0.547849 0.805197 -3.993363
v 0.540763 0.815509 -4.382405
v 0.722386 0.396208 -3.413292
v 1.980038 0.604022 -2.132804
v 1.507944 0.810657 -2.125927
v 1.187251 0.204827 -2.642343
v 1.186566 0.632990 -2.391257
v 1.439338 1.146557 -2.405418
v 1.241609 0.822130 -2.697237
v 0.976027 0.319223 -2.672544
v 1.186566 0.632990 -2.391257
v 1.032696 0.540331 -2.754579
v 0.722386 0.396208 -3.413292
v 0.867727 0.789159 -3.347230
v 0.547849 0.805197 -3.993363
v 1.853204 0.383385 -5.069826
v 3.429901 0.442161 -4.149674
v 1.225268 0.289991 -5.049846
v 3.429901 0.442161 -4.149674
v 3.538119 0.554160 -4.120789
v 3.617255 0.473140 -3.932696
v 0.857799 0.065361 -2.939804
v 0.840532 0.162981 -2.747338
v 0.722386 0.396208 -3.413292
v 0.722386 0.396208 -3.413292
v 0.893657 0.380360 -2.750785
v 1.032696 0.540331 -2.754579
v 3.100172 0.463488 -4.414040
v 2.473476 0.522799 -4.798350
v 2.122850 2.167699 -4.631471
v 2.473476 0.522799 -4.798350
v 1.065922 1.522100 -5.396668
v 2.122850 2.167699 -4.631471
v 2.871673 2.435734 -3.123885
v 3.223828 2.109581 -3.574147
v 3.018468 2.815414 -3.483996
v 1.654315 2.302772 -2.697700
v 2.871673 2.435734 -3.123885
v 2.638243 2.650182 -3.245989
v 0.905263 0.128459 -2.690062
v 1.007838 0.013942 -2.863914
v 1.298023 0.029232 -2.735253
v 0.999172 -0.025235 -3.385787
v 1.225268 0.289991 -5.049846
v 1.214124 0.092569 -3.886636
v 2.889979 2.572439 -4.091404
v 2.536972 2.587148 -3.790413
v 3.018468 2.815414 -3.483996
v 0.710786 1.911511 -4.336040
v 2.638243 2.650182 -3.245989
v 1.879449 2.368290 -3.748545
v 2.871673 2.435734 -3.123885
v 2.952890 2.814323 -3.417228
v 2.638243 2.650182 -3.245989
v 2.536972 2.587148 -3.790413
v 2.638243 2.650182 -3.245989
v 2.952890 2.814323 -3.417228
v 1.535964 -0.009491 -2.766917
v 0.935947 -0.006549 -3.100419
v 0.999172 -0.025235 -3.385787
v 0.722386 0.396208 -3.413292
v 0.999172 -0.025235 -3.385787
v 0.857799 0.065361 -2.939804
v 1.683371 2.030386 -2.489763
v 2.871673 2.435734 -3.123885
v 1.654315 2.302772 -2.697700
v 1.654315 2.302772 -2.697700
v 0.689618 1.866997 -4.247742
v 1.683371 2.030386 -2.489763
v 2.122850 2.167699 -4.631471
v 3.538119 0.554160 -4.120789
v 3.100172 0.463488 -4.414040
v 3.538119 0.554160 -4.120789
v 2.889979 2.572439 -4.091404
v 3.223828 2.109581 -3.574147
v 0.576222 1.180574 -4.131182
v 1.001984 0.995280 -3.433105
v 0.968661 1.240667 -3.402922
v 0.576222 1.180574 -4.131182
v 0.968661 1.240667 -3.402922
v 0.689618 1.866997 -4.247742
v 3.538119 0.554160 -4.120789
v 2.122850 2.167699 -4.631471
v 2.889979 2.572439 -4.091404
v 2.122850 2.167699 -4.631471
v 2.320978 2.343545 -4.360578
v 2.889979 2.572439 -4.091404
v 0.535868 0.932101 -4.239356
v 0.547849 0.805197 -3.993363
v 0.576222 1.180574 -4.131182
v 0.867727 0.789159 -3.347230
v 0.576222 1.180574 -4.131182
v 0.547849 0.805197 -3.993363
v 2.924858 1.091385 -2.567055
v 3.010571 0.792937 -2.613386
v 3.674456 0.569908 -3.715060
v 2.924858 1.091385 -2.567055
v 1.980038 0.604022 -2.132804
v 3.010571 0.792937 -2.613386
v 2.638243 2.650182 -3.245989
v 2.536972 2.587148 -3.790413
v 1.879449 2.368290 -3.748545
v 2.320978 2.343545 -4.360578
v 2.122850 2.167699 -4.631471
v 1.935602 2.268267 -4.241832
v 1.001984 0.995280 -3.433105
v 1.241609 0.822130 -2.697237
v 0.968661 1.240667 -3.402922
v 0.867727 0.789159 -3.347230
v 1.001984 0.995280 -3.433105
v 0.576222 1.180574 -4.131182
v 1.712223 0.468334 -5.229366
v 1.065922 1.522100 -5.396668
v 2.473476 0.522799 -4.798350
v 3.100172 0.463488 -4.414040
v 1.712223 0.468334 -5.229366
v 2.473476 0.522799 -4.798350
v 2.889979 2.572439 -4.091404
v 2.512038 2.469166 -4.134347
v 2.536972 2.587148 -3.790413
v 2.536972 2.587148 -3.790413
v 2.512038 2.469166 -4.134347
v 1.923342 2.426424 -3.939065
v 1.032696 0.540331 -2.754579
v 1.186566 0.632990 -2.391257
v 1.241609 0.822130 -2.697237
v 1.241609 0.822130 -2.697237
v 1.001984 0.995280 -3.433105
v 1.059191 0.752790 -2.925790
v 3.674422 0.480722 -3.774167
v 3.538119 0.554160 -4.120789
v 3.674456 0.569908 -3.715060
v 3.010571 0.792937 -2.613386
v 3.674422 0.480722 -3.774167
v 3.674456 0.569908 -3.715060
v 0.807239 1.370341 -5.410850
v 0.734960 0.768474 -5.368425
v 0.782997 1.524314 -5.317796
v 0.974058 1.569223 -5.359347
v 0.727070 1.688519 -4.956845
v 2.122850 2.167699 -4.631471
v 1.032696 0.540331 -2.754579
v 0.853690 0.228334 -2.669192
v 0.976027 0.319223 -2.672544
v 0.905263 0.128459 -2.690062
v 1.298023 0.029232 -2.735253
v 1.187251 0.204827 -2.642343
v 0.782997 1.524314 -5.317796
v 0.540763 0.815509 -4.382405
v 0.727070 1.688519 -4.956845
v 0.974058 1.569223 -5.359347
v 0.782997 1.524314 -5.317796
v 0.727070 1.688519 -4.956845
v 3.498425 1.142940 -3.676320
v 3.674456 0.569908 -3.715060
v 3.538119 0.554160 -4.120789
v 2.924858 1.091385 -2.567055
v 3.674456 0.569908 -3.715060
v 3.359840 1.069130 -3.340841
v 2.234628 0.112074 -2.435245
v 1.298023 0.029232 -2.735253
v 1.968403 0.034961 -2.575505
v 1.298023 0.029232 -2.735253
v 1.007838 0.013942 -2.863914
v 1.535964 -0.009491 -2.766917
v 1.812552 2.324883 -3.995209
v 0.710786 1.911511 -4.336040
v 1.879449 2.368290 -3.748545
v 2.222330 2.430924 -4.207449
v 1.869066 2.349965 -4.100047
v 1.923342 2.426424 -3.939065
v 1.241609 0.822130 -2.697237
v 1.059191 0.752790 -2.925790
v 1.032696 0.540331 -2.754579
v 1.032696 0.540331 -2.754579
v 1.059191 0.752790 -2.925790
v 0.722386 0.396208 -3.413292
v 2.391442 0.304780 -2.351124
v 2.375250 0.062427 -2.571698
v 3.010571 0.792937 -2.613386
v 2.260580 0.348927 -2.263824
v 1.980038 0.604022 -2.132804
v 2.234628 0.112074 -2.435245
v 2.924858 1.091385 -2.567055
v 3.272545 1.474633 -3.350362
v 3.223828 2.109581 -3.574147
v 3.402274 1.468390 -3.653690
v 3.538119 0.554160 -4.120789
v 3.223828 2.109581 -3.574147
v 2.234628 0.112074 -2.435245
v 1.968403 0.034961 -2.575505
v 2.375250 0.062427 -2.571698
v 2.375250 0.062427 -2.571698
v 2.391442 0.304780 -2.351124
v 2.234628 0.112074 -2.435245
v 0.854497 0.473949 -4.576445
v 0.714360 0.758663 -5.258605
v 1.091465 0.347687 -4.954340
v 0.540763 0.815509 -4.382405
v 0.714360 0.758663 -5.258605
v 0.854497 0.473949 -4.576445
v 1.935602 2.268267 -4.241832
v 2.122850 2.167699 -4.631471
v 1.812552 2.324883 -3.995209
v 1.869066 2.349965 -4.100047
v 1.812552 2.324883 -3.995209
v 1.923342 2.426424 -3.939065
v 0.853690 0.228334 -2.669192
v 1.187251 0.204827 -2.642343
v 0.976027 0.319223 -2.672544
v 1.186566 0.632990 -2.391257
v 0.976027 0.319223 -2.672544
v 1.187251 0.204827 -2.642343
v 1.225268 0.289991 -5.049846
v 1.245821 0.383912 -5.306553
v 1.853204 0.383385 -5.069826
v 1.245821 0.383912 -5.306553
v 1.043360 0.431048 -5.319985
v 0.734960 0.768474 -5.368425
v 1.059191 0.752790 -2.925790
v 1.001984 0.995280 -3.433105
v 0.867727 0.789159 -3.347230
v 0.722386 0.396208 -3.413292
v 1.059191 0.752790 -2.925790
v 0.867727 0.789159 -3.347230
v 1.225268 0.289991 -5.049846
v 1.043360 0.431048 -5.319985
v 1.245821 0.383912 -5.306553
v 1.091465 0.347687 -4.954340
v 0.714360 0.758663 -5.258605
v 1.043360 0.431048 -5.319985
v 3.359840 1.069130 -3.340841
v 3.674456 0.569908 -3.715060
v 3.518594 1.023386 -3.616955
v 2.924858 1.091385 -2.567055
v 3.359840 1.069130 -3.340841
v 3.272545 1.474633 -3.350362
v 2.512038 2.469166 -4.134347
v 2.222330 2.430924 -4.207449
v 1.923342 2.426424 -3.939065
v 2.320978 2.343545 -4.360578
v 2.512038 2.469166 -4.134347
v 2.889979 2.572439 -4.091404
v 0.999172 -0.025235 -3.385787
v 1.091465 0.347687 -4.954340
v 1.225268 0.289991 -5.049846
v 1.091465 0.347687 -4.954340
v 1.043360 0.431048 -5.319985
v 1.225268 0.289991 -5.049846
v 3.363347 1.521646 -3.557777
v 3.367693 1.378636 -3.401232
v 3.482811 1.258287 -3.631403
v 3.363347 1.521646 -3.557777
v 3.402274 1.468390 -3.653690
v 3.223828 2.109581 -3.574147
v 0.857799 0.065361 -2.939804
v 0.905263 0.128459 -2.690062
v 0.840532 0.162981 -2.747338
v 0.905263 0.128459 -2.690062
v 1.187251 0.204827 -2.642343
v 0.853690 0.228334 -2.669192
v 3.498425 1.142940 -3.676320
v 3.538119 0.554160 -4.120789
v 3.402274 1.468390 -3.653690
v 3.363347 1.521646 -3.557777
v 3.482811 1.258287 -3.631403
v 3.402274 1.468390 -3.653690
v 2.014012 1.092924 -2.176869
v 1.683371 2.030386 -2.489763
v 1.675257 1.430806 -2.193958
v 1.675257 1.430806 -2.193958
v 1.980038 0.604022 -2.132804
v 2.014012 1.092924 -2.176869
v 2.320978 2.343545 -4.360578
v 2.222330 2.430924 -4.207449
v 2.512038 2.469166 -4.134347
v 2.320978 2.343545 -4.360578
v 1.869066 2.349965 -4.100047
v 2.222330 2.430924 -4.207449
v 1.712223 0.468334 -5.229366
v 3.100172 0.463488 -4.414040
v 1.853204 0.383385 -5.069826
v 1.245821 0.383912 -5.306553
v 1.712223 0.468334 -5.229366
v 1.853204 0.383385 -5.069826
v 3.402274 1.468390 -3.653690
v 3.482811 1.258287 -3.631403
v 3.498425 1.142940 -3.676320
v 3.482811 1.258287 -3.631403
v 3.431147 1.105768 -3.414369
v 3.518594 1.023386 -3.616955
v 0.540763 0.815509 -4.382405
v 0.547849 0.805197 -3.993363
v 0.535868 0.932101 -4.239356
v 0.727070 1.688519 -4.956845
v 0.540763 0.815509 -4.382405
v 0.535868 0.932101 -4.239356
v 1.214124 0.092569 -3.886636
v 1.535964 -0.009491 -2.766917
v 0.999172 -0.025235 -3.385787
v 1.214124 0.092569 -3.886636
v 2.375250 0.062427 -2.571698
v 1.535964 -0.009491 -2.766917
v 1.186566 0.632990 -2.391257
v 1.187251 0.204827 -2.642343
v 1.337115 0.906445 -2.147673
v 1.186566 0.632990 -2.391257
v 1.337115 0.906445 -2.147673
v 1.439338 1.146557 -2.405418
v 3.594874 0.410451 -3.769842
v 2.375250 0.062427 -2.571698
v 3.164330 0.260208 -3.405887
v 3.594874 0.410451 -3.769842
v 3.164330 0.260208 -3.405887
v 3.429901 0.442161 -4.149674
v 0.905263 0.128459 -2.690062
v 0.857799 0.065361 -2.939804
v 1.007838 0.013942 -2.863914
v 1.535964 -0.009491 -2.766917
v 1.007838 0.013942 -2.863914
v 0.935947 -0.006549 -3.100419
v 0.782997 1.524314 -5.317796
v 0.974058 1.569223 -5.359347
v 0.807239 1.370341 -5.410850
v 1.065922 1.522100 -5.396668
v 0.734960 0.768474 -5.368425
v 0.807239 1.370341 -5.410850
v 3.482811 1.258287 -3.631403
v 3.518594 1.023386 -3.616955
v 3.498425 1.142940 -3.676320
v 3.498425 1.142940 -3.676320
v 3.518594 1.023386 -3.616955
v 3.674456 0.569908 -3.715060
v 1.812552 2.324883 -3.995209
v 1.879449 2.368290 -3.748545
v 1.923342 2.426424 -3.939065
v 1.879449 2.368290 -3.748545
v 2.536972 2.587148 -3.790413
v 1.923342 2.426424 -3.939065
v 1.065922 1.522100 -5.396668
v 0.974058 1.569223 -5.359347
v 2.122850 2.167699 -4.631471
v 0.807239 1.370341 -5.410850
v 0.974058 1.569223 -5.359347
v 1.065922 1.522100 -5.396668
v 0.857799 0.065361 -2.939804
v 0.999172 -0.025235 -3.385787
v 0.935947 -0.006549 -3.100419
v 0.857799 0.065361 -2.939804
v 0.935947 -0.006549 -3.100419
v 1.007838 0.013942 -2.863914
v 1.507944 0.810657 -2.125927
v 1.337115 0.906445 -2.147673
v 1.187251 0.204827 -2.642343
v 1.556881 1.438767 -2.253664
v 1.337115 0.906445 -2.147673
v 1.507944 0.810657 -2.125927
v 3.617255 0.473140 -3.932696
v 3.674422 0.480722 -3.774167
v 3.594874 0.410451 -3.769842
v 3.674422 0.480722 -3.774167
v 3.617255 0.473140 -3.932696
v 3.538119 0.554160 -4.120789
v 1.683371 2.030386 -2.489763
v 1.556881 1.438767 -2.253664
v 1.675257 1.430806 -2.193958
v 1.556881 1.438767 -2.253664
v 1.507944 0.810657 -2.125927
v 1.675257 1.430806 -2.193958
v 0.734960 0.768474 -5.368425
v 1.043360 0.431048 -5.319985
v 0.714360 0.758663 -5.258605
v 0.734960 0.768474 -5.368425
v 0.714360 0.758663 -5.258605
v 0.540763 0.815509 -4.382405
v 0.840532 0.162981 -2.747338
v 0.893657 0.380360 -2.750785
v 0.722386 0.396208 -3.413292
v 0.893657 0.380360 -2.750785
v 0.853690 0.228334 -2.669192
v 1.032696 0.540331 -2.754579
v 1.439338 1.146557 -2.405418
v 1.556881 1.438767 -2.253664
v 1.683371 2.030386 -2.489763
v 1.556881 1.438767 -2.253664
v 1.439338 1.146557 -2.405418
v 1.337115 0.906445 -2.147673
v 2.320978 2.343545 -4.360578
v 1.935602 2.268267 -4.241832
v 1.869066 2.349965 -4.100047
v 1.935602 2.268267 -4.241832
v 1.812552 2.324883 -3.995209
v 1.869066 2.349965 -4.100047
v 3.272545 1.474633 -3.350362
v 3.367693 1.378636 -3.401232
v 3.363347 1.521646 -3.557777
v 3.223828 2.109581 -3.574147
v 3.272545 1.474633 -3.350362
v 3.363347 1.521646 -3.557777
v 2.260580 0.348927 -2.263824
v 2.391442 0.304780 -2.351124
v 3.010571 0.792937 -2.613386
v 2.260580 0.348927 -2.263824
v 2.234628 0.112074 -2.435245
v 2.391442 0.304780 -2.351124
v 0.840532 0.162981 -2.747338
v 0.853690 0.228334 -2.669192
v 0.893657 0.380360 -2.750785
v 0.905263 0.128459 -2.690062
v 0.853690 0.228334 -2.669192
v 0.840532 0.162981 -2.747338
v 0.689618 1.866997 -4.247742
v 1.654315 2.302772 -2.697700
v 0.710786 1.911511 -4.336040
v 0.535868 0.932101 -4.239356
v 0.689618 1.866997 -4.247742
v 0.710786 1.911511 -4.336040
v 3.538119 0.554160 -4.120789
v 3.429901 0.442161 -4.149674
v 3.100172 0.463488 -4.414040
v 1.853204 0.383385 -5.069826
v 3.100172 0.463488 -4.414040
v 3.429901 0.442161 -4.149674
v 3.367693 1.378636 -3.401232
v 3.431147 1.105768 -3.414369
v 3.482811 1.258287 -3.631403
v 3.272545 1.474633 -3.350362
v 3.359840 1.069130 -3.340841
v 3.367693 1.378636 -3.401232
v 2.536972 2.587148 -3.790413
v 2.952890 2.814323 -3.417228
v 3.018468 2.815414 -3.483996
v 2.952890 2.814323 -3.417228
v 2.871673 2.435734 -3.123885
v 3.018468 2.815414 -3.483996
v 1.968403 0.034961 -2.575505
v 1.535964 -0.009491 -2.766917
v 2.375250 0.062427 -2.571698
v 1.968403 0.034961 -2.575505
v 1.298023 0.029232 -2.735253
v 1.535964 -0.009491 -2.766917
v 3.359840 1.069130 -3.340841
v 3.431147 1.105768 -3.414369
v 3.367693 1.378636 -3.401232
v 3.431147 1.105768 -3.414369
v 3.359840 1.069130 -3.340841
v 3.518594 1.023386 -3.616955
vn 0.8120 -0.1055 0.5741
vn -0.4577 0.4578 -0.7622
vn 0.1661 -0.9545 -0.2477
vn -0.8808 0.4721 0.0371
vn 0.9932 0.0945 0.0684
vn 0.1283 -0.8757 -0.4655
vn 0.5726 0.1275 0.8099
vn 0.7317 0.6784 -0.0668
vn -0.7889 0.5677 -0.2353
vn -0.0159 0.7827 0.6222
vn 0.0291 0.4303 -0.9022
vn 0.2687 -0.0160 -0.9631
vn -0.4357 -0.1828 -0.8813
vn -0.8621 0.5040 -0.0525
vn 0.7320 0.6783 -0.0643
vn 0.6290 0.1071 0.7700
vn -0.4176 -0.1978 -0.8868
vn 0.2611 -0.0338 -0.9647
vn 0.0288 -0.9985 0.0460
vn -0.1425 -0.9160 -0.3749
vn 0.2703 -0.0215 -0.9625
vn 0.6677 0.2597 -0.6977
vn -0.8767 0.4810 0.0018
vn -0.0053 0.8039 0.5947
vn 0.6503 -0.3406 -0.6791
vn -0.2115 -0.8758 -0.4338
vn -0.4880 -0.5915 0.6419
vn -0.1828 0.1101 0.9770
vn 0.7189 -0.3893 0.5759
vn -0.1893 0.1014 0.9767
vn 0.0798 -0.9329 0.3511
vn 0.1264 -0.7626 0.6344
vn -0.5550 0.5310 -0.6404
vn 0.3505 0.7381 -0.5765
vn -0.4995 -0.5954 0.6293
vn -0.8707 0.4894 -0.0481
vn 0.9935 0.0888 0.0716
vn 0.8410 0.4107 0.3523
vn -0.4552 -0.5665 0.6870
vn 0.1111 -0.9911 0.0734
vn 0.8373 0.4109 0.3606
vn -0.4845 -0.1761 -0.8569
vn -0.1426 -0.9170 -0.3725
vn 0.6104 0.1216 0.7827
vn 0.7774 -0.3946 0.4899
vn -0.4845 -0.0682 -0.8721
vn -0.8392 0.5248 -0.1425
vn 0.6446 -0.3550 -0.6771
vn 0.7392 -0.3649 0.5660
vn -0.0081 0.7979 0.6027
vn 0.3734 0.7172 -0.5884
vn 0.7557 -0.3639 0.5445
vn 0.0738 -0.9869 0.1432
vn 0.6836 0.2358 -0.6907
vn 0.2478 0.0852 -0.9651
vn 0.6307 0.4008 -0.6645
vn 0.7397 -0.2741 -0.6145
vn -0.7855 0.5740 -0.2313
vn -0.8724 0.4818 -0.0821
vn -0.4548 -0.5262 0.7185
vn -0.7808 0.5026 0.3712
vn 0.2818 -0.0434 -0.9585
vn -0.3166 0.7153 -0.6230
vn -0.8881 0.2575 -0.3807
vn -0.7738 -0.4007 0.4905
vn 0.1229 -0.7561 0.6428
vn 0.6366 0.1067 0.7637
vn -0.3996 -0.5036 0.7660
vn -0.3524 -0.1389 -0.9255
vn -0.0939 0.0253 -0.9953
vn 0.2399 -0.1493 -0.9593
vn -0.1652 0.1162 0.9794
vn -0.0102 0.9832 0.1821
vn 0.1614 -0.8488 -0.5035
vn -0.2083 -0.4329 -0.8770
vn 0.4047 0.1131 -0.9074
vn 0.2501 -0.4059 -0.8790
vn 0.0221 0.9876 0.1556
vn 0.1876 0.9366 0.2960
vn -0.4086 -0.5817 0.7034
vn 0.2657 -0.8299 -0.4905
vn 0.3122 -0.0204 -0.9498
vn 0.3122 -0.0327 -0.9495
vn -0.7888 0.5763 -0.2139
vn -0.2821 0.9381 0.2011
vn 0.0754 -0.9904 -0.1157
vn 0.0633 -0.9909 0.1186
vn 0.2762 0.9540 -0.1162
vn 0.5587 0.0985 -0.8235
vn -0.0479 0.8974 0.4386
vn 0.6386 0.1370 0.7572
vn -0.0511 -0.9954 0.0814
vn -0.0467 -0.9932 0.1068
vn -0.6772 -0.0804 0.7314
vn -0.8743 -0.3511 0.3353
vn 0.1568 0.2132 -0.9644
vn -0.1389 -0.1209 -0.9829
vn 0.9338 0.0768 0.3494
vn 0.8287 0.4339 0.3537
vn -0.8803 0.4692 -0.0703
vn -0.3684 -0.2119 0.9052
vn -0.0032 0.5078 -0.8615
vn -0.4219 0.3820 -0.8223
vn 0.4890 0.0019 -0.8723
vn 0.5367 -0.3105 -0.7846
vn -0.6678 -0.2454 0.7027
vn -0.8715 0.4887 -0.0404
vn -0.1738 0.4701 0.8654
vn -0.3332 0.9005 0.2793
vn 0.5832 -0.4339 -0.6867
vn -0.2535 -0.8621 -0.4388
vn -0.6977 0.6309 0.3394
vn -0.8709 0.4911 -0.0176
vn 0.1590 0.8804 0.4468
vn 0.2474 0.8744 -0.4173
vn 0.2646 0.0242 -0.9640
vn 0.2879 0.0148 -0.9576
vn 0.1197 -0.7546 0.6452
vn -0.5326 -0.5734 0.6225
vn -0.8131 0.3773 -0.4433
vn -0.7088 0.6353 0.3067
vn 0.2130 -0.0782 -0.9739
vn 0.3400 -0.6085 -0.7170
vn -0.0151 0.7753 0.6314
vn -0.0192 0.7837 0.6208
vn -0.5195 -0.5462 0.6572
vn -0.6163 -0.5767 0.5363
vn -0.2243 -0.4591 -0.8596
vn -0.0649 -0.9619 -0.2656
vn 0.0514 0.0107 -0.9986
vn 0.5427 0.3312 -0.7718
vn 0.0063 0.8475 0.5308
vn 0.1873 0.9536 0.2358
vn 0.3286 0.7838 0.5269
vn 0.7362 0.6748 -0.0514
vn -0.6035 0.0400 -0.7963
vn -0.8135 -0.5684 -0.1232
vn -0.2567 -0.7389 0.6230
vn 0.0852 -0.9587 0.2714
vn 0.6828 0.2454 -0.6881
vn 0.3297 0.7101 -0.6221
vn 0.9939 0.0846 0.0701
vn 0.7387 -0.3649 0.5667
vn -0.2500 -0.1804 -0.9513
vn 0.1869 -0.2435 -0.9517
vn 0.0345 0.8239 0.5657
vn -0.8651 0.4932 -0.0913
vn 0.9895 0.0508 0.1353
vn 0.8235 -0.0968 0.5590
vn 0.1067 -0.9822 0.1546
vn 0.0889 -0.9891 0.1173
vn 0.0233 0.4268 -0.9040
vn 0.6313 0.2854 -0.7211
vn -0.3500 -0.1340 -0.9271
vn -0.8602 0.5020 -0.0897
vn 0.4942 0.8670 -0.0640
vn 0.0152 -0.9959 -0.0897
vn -0.8800 0.4743 0.0246
vn -0.8463 0.3837 -0.3695
vn 0.3951 0.3340 -0.8558
vn 0.4914 0.0898 -0.8663
vn 0.5309 0.4201 0.7360
vn 0.4019 0.4617 0.7908
vn -0.2098 -0.4322 -0.8770
vn -0.1975 -0.0850 -0.9766
vn 0.8089 0.2388 -0.5373
vn 0.6156 0.2186 -0.7572
vn -0.4787 0.6583 -0.5809
vn -0.6280 0.7492 -0.2105
vn -0.2001 0.1336 0.9706
vn -0.0816 0.4229 0.9025
vn -0.3703 -0.4049 -0.8360
vn 0.1620 -0.3085 -0.9373
vn 0.0503 -0.9847 -0.1666
vn 0.0460 -0.9678 -0.2474
vn 0.8312 0.4039 0.3819
vn -0.0182 0.8113 0.5843
vn -0.0337 -0.7216 -0.6914
vn -0.4206 -0.7473 -0.5144
vn 0.5843 0.4555 -0.6716
vn 0.6902 0.5234 -0.4997
vn -0.0177 0.8104 0.5856
vn 0.0355 0.9743 0.2222
vn -0.3479 -0.7740 0.5290
vn 0.1237 -0.9506 -0.2846
vn -0.5468 0.7867 -0.2864
vn -0.2290 0.9444 -0.2361
vn -0.4447 -0.3169 0.8377
vn -0.2112 -0.7356 0.6437
vn 0.7474 -0.4142 -0.5194
vn 0.9603 0.0850 -0.2658
vn 0.2637 -0.0003 -0.9646
vn -0.2563 0.2185 -0.9416
vn -0.0901 -0.9929 0.0781
vn 0.8002 -0.4849 0.3529
vn 0.1848 0.9220 0.3402
vn -0.2206 0.4750 0.8519
vn -0.8096 0.4864 -0.3286
vn -0.7819 0.5778 -0.2341
vn 0.3309 0.7148 0.6161
vn -0.0582 0.7526 0.6559
vn 0.1089 -0.9902 0.0878
vn 0.0990 -0.9729 -0.2090
vn -0.0460 0.4690 0.8820
vn -0.0150 0.7815 0.6238
vn 0.3785 0.3124 -0.8713
vn 0.1427 0.8488 -0.5091
vn 0.7830 0.2651 -0.5627
vn 0.5722 0.2763 -0.7722
vn -0.7753 0.5706 -0.2710
vn -0.3952 0.5379 -0.7446
vn 0.0345 -0.9758 -0.2161
vn -0.0308 -0.8950 -0.4450
vn -0.5551 0.3034 0.7745
vn -0.2284 0.0687 0.9711
vn -0.3807 -0.5866 -0.7148
vn -0.5697 -0.7073 0.4185
vn 0.8237 0.4783 0.3047
vn 0.5548 0.1418 0.8198
vn -0.2005 -0.8595 -0.4701
vn -0.0675 -0.8813 -0.4677
vn -0.7849 0.5741 -0.2330
vn -0.6592 0.6530 -0.3730
vn 0.7500 0.1590 -0.6420
vn 0.4979 0.1884 -0.8465
vn -0.0620 0.8601 0.5063
vn -0.8424 0.4669 0.2691
vn -0.4845 -0.8741 -0.0337
vn -0.2389 -0.9710 0.0067
vn -0.7782 0.4956 -0.3856
vn -0.4158 0.4997 -0.7599
vn 0.0022 -0.9780 -0.2086
vn -0.0445 -0.9984 -0.0355
vn 0.6651 0.2348 -0.7089
vn 0.6844 0.2426 -0.6875
vn -0.1873 -0.3140 -0.9308
vn -0.1737 -0.1300 -0.9762
vn -0.7668 -0.6253 0.1452
vn -0.8655 -0.0977 0.4913
vn 0.7385 -0.6743 -0.0070
vn 0.8755 -0.1194 -0.4683
vn -0.2266 0.5031 0.8340
vn -0.0318 -0.9985 0.0447
vn -0.9236 -0.0982 -0.3705
vn -0.4773 0.8657 -0.1509
vn 0.4471 0.7364 -0.5077
vn 0.8536 0.2180 0.4731
vn -0.2833 0.3404 0.8966
vn -0.9519 0.1523 -0.2657
vn 0.9528 0.1923 0.2347
vn 0.1542 -0.4551 0.8770
vn -0.9339 -0.1704 0.3143
vn -0.1248 -0.9921 -0.0121
vn -0.3378 -0.0179 -0.9410
vn 0.1203 0.7239 -0.6793
vn -0.1511 -0.9883 0.0221
vn 0.5718 -0.2595 -0.7783
vn -0.4749 0.8674 -0.1485
vn 0.4257 0.8324 0.3548
vn 0.3241 0.9026 0.2834
vn 0.4563 0.7318 -0.5063
vn 0.8839 0.2199 0.4127
vn 0.8834 -0.1287 -0.4506
vn 0.5785 -0.2875 -0.7634
vn 0.7336 -0.6785 0.0385
vn 0.8556 0.2024 0.4764
vn 0.3454 0.9041 0.2515
vn -0.5619 0.8213 0.0987
vn -0.9529 -0.1362 0.2711
vn -0.1351 -0.9893 -0.0543
vn -0.4033 0.0254 -0.9147
vn 0.9562 0.1593 0.2455
vn 0.8414 0.2292 0.4894
vn 0.1615 0.6082 -0.7772
vn 0.5664 -0.2673 -0.7796
vn -0.9182 -0.1864 0.3494
vn 0.1621 -0.4650 0.8704
vn 0.9389 0.2210 0.2638
vn 0.1394 -0.4969 0.8565
vn -0.9498 0.1592 -0.2692
vn 0.1237 0.7341 -0.6677
vn 0.1654 -0.5052 0.8470
vn 0.7188 -0.6952 0.0034
vn -0.9349 -0.1285 -0.3308
vn -0.9515 0.1518 -0.2675
vn -0.6646 -0.0340 -0.7464
vn -0.9628 0.1503 -0.2245
vn 0.7399 -0.6543 0.1564
vn 0.8813 -0.1236 0.4560
vn -0.2705 0.9615 -0.0494
vn 0.3326 0.7576 -0.5616
vn 0.7383 -0.6725 0.0505
vn -0.1460 -0.9888 0.0298
vn 0.3328 0.9202 0.2063
vn 0.1000 0.9948 0.0177
vn -0.8725 -0.0193 -0.4883
vn -0.1245 -0.9922 -0.0111
vn 0.4331 0.8124 0.3904
vn 0.9175 0.1191 0.3796
vn 0.8518 0.4740 0.2232
vn 0.6570 0.6654 0.3545
vn -0.9231 -0.2425 0.2985
vn -0.8087 -0.4984 -0.3125
vn -0.4240 -0.3460 -0.8370
vn -0.9359 -0.1352 -0.3253
vn 0.7769 0.5149 0.3623
vn -0.2696 0.3741 0.8873
vn -0.0139 0.6765 -0.7364
vn -0.2110 0.2255 -0.9511
vn -0.8653 -0.4186 -0.2757
vn -0.9523 0.1588 -0.2604
vn -0.2663 -0.4992 -0.8246
vn 0.3944 -0.2375 -0.8877
vn -0.4093 0.9043 -0.1212
vn 0.1963 0.9302 -0.3102
vn 0.7541 0.2980 0.5852
vn 0.8494 0.0493 0.5254
vn -0.2218 -0.9546 -0.1990
vn -0.6849 -0.4674 -0.5590
vn 0.9869 0.0716 0.1443
vn 0.9396 -0.1595 0.3030
vn -0.0317 -0.9977 0.0601
vn -0.8869 -0.1812 0.4249
vn -0.2300 0.4997 0.8351
vn 0.2967 0.9220 0.2487
vn -0.0455 -0.9977 0.0501
vn -0.0117 -0.9970 0.0771
vn 0.2634 0.8929 -0.3652
vn 0.3853 0.8675 -0.3145
vn -0.9502 0.1565 -0.2695
vn -0.9206 -0.1013 -0.3771
vn -0.5209 0.8498 -0.0806
vn -0.8218 -0.5683 -0.0418
vn 0.8798 0.0965 -0.4654
vn 0.7955 0.6001 0.0844
vn 0.1342 -0.9897 -0.0507
vn -0.5278 0.0624 0.8471
vn -0.4424 0.8955 0.0483
vn -0.5685 0.0655 0.8201
vn 0.5678 0.1361 0.8119
vn 0.8908 -0.3639 -0.2720
vn 0.0007 0.4041 -0.9147
vn -0.9625 0.2055 -0.1771
vn 0.1380 -0.9891 -0.0523
vn 0.0322 0.4122 -0.9105
vn 0.4243 0.0774 0.9022
vn -0.0941 0.9182 0.3848
vn -0.8754 0.3071 0.3733
vn -0.9642 0.2177 -0.1515
vn 0.1335 -0.9883 -0.0732
vn 0.8225 -0.0864 0.5622
vn -0.8268 -0.5587 0.0656
vn -0.0316 -0.9455 -0.3241
vn 0.8932 -0.3602 -0.2691
vn 0.8041 0.5903 0.0709
vn -0.8277 -0.5591 -0.0477
vn -0.9201 0.2634 0.2899
vn 0.7988 0.5988 0.0582
vn -0.5067 0.8476 -0.1575
vn -0.8775 -0.4776 -0.0441
vn -0.2608 -0.8435 0.4696
vn 0.4036 0.3468 -0.8467
vn 0.4798 0.7608 -0.4370
vn -0.9570 0.2130 -0.1971
vn -0.5105 0.8537 -0.1031
vn 0.0042 0.9395 0.3425
vn -0.4930 0.0704 0.8672
vn -0.3128 0.9191 0.2396
vn -0.0025 0.9395 0.3426
vn 0.8779 -0.4300 -0.2105
vn 0.0043 -0.9519 -0.3063
vn -0.3568 0.3711 -0.8573
vn -0.0140 -0.9384 -0.3454
vn 0.1051 0.9397 0.3255
vn 0.5742 0.1452 0.8057
vn 0.6960 0.2305 0.6801
vn 0.9275 -0.3205 -0.1923
vn -0.8212 -0.5700 -0.0275
vn -0.9527 0.2313 -0.1969
vn 0.8745 0.4839 0.0335
vn 0.9953 0.0568 0.0788
vn -0.1329 0.9289 0.3458
vn -0.0919 0.9408 0.3263
vn -0.0924 0.4003 -0.9117
vn -0.6871 0.5926 -0.4203
vn -0.6244 0.1179 0.7721
vn -0.2523 0.9183 0.3051
vn 0.9771 -0.0449 -0.2079
vn 0.9032 0.0692 -0.4235
vn 0.2069 -0.6753 -0.7080
vn 0.8966 0.0577 -0.4391
vn -0.3051 0.9308 0.2013
vn -0.9446 0.3005 0.1318
vn 0.1158 -0.9756 0.1864
vn 0.4250 0.0772 0.9019
vn 0.8733 -0.4173 -0.2516
vn 0.8853 0.1188 -0.4497
vn -0.9496 0.2014 -0.2402
vn -0.4235 0.9007 0.0967
vn -0.1000 -0.9372 -0.3340
vn -0.1352 0.3898 -0.9109
vn 0.1450 -0.9372 0.3174
vn -0.4392 0.0614 0.8963
vn -0.3289 0.9368 0.1195
vn 0.6271 0.7602 0.1699
vn -0.6457 0.6929 0.3210
vn -0.7368 0.5589 0.3805
vn 0.6684 -0.6645 -0.3343
vn 0.4478 -0.6179 -0.6463
vn 0.6197 0.7652 0.1747
vn 0.7890 0.6090 0.0811
vn -0.7822 0.6143 0.1037
vn -0.4185 0.9074 0.0383
vn -0.8331 -0.5518 0.0378
vn 0.1304 -0.9903 -0.0475
vn 0.8036 0.5907 0.0727
vn 0.9365 0.1811 -0.3004
vn -0.1171 0.8936 0.4332
vn -0.3333 0.9057 -0.2621
vn 0.9451 -0.0158 -0.3264
vn 0.8145 0.5598 0.1520
vn -0.8929 0.2495 -0.3748
vn -0.5861 -0.4094 -0.6992
vn -0.2434 0.9289 0.2791
vn 0.0762 0.9907 0.1125
vn -0.8661 0.4969 0.0548
vn -0.9381 0.2931 0.1845
vn -0.8088 -0.2106 -0.5491
vn -0.7450 -0.6578 0.1109
vn 0.7936 0.6048 0.0662
vn 0.5584 0.4836 0.6740
vn 0.1247 -0.9784 -0.1649
vn 0.3666 0.3684 0.8543
vn -0.2338 0.9112 -0.3391
vn 0.8409 0.2351 0.4874
vn -0.3453 0.9382 -0.0252
vn -0.8532 0.2317 0.4674
vn 0.0556 0.0940 0.9940
vn 0.1154 -0.9855 -0.1245
vn 0.1720 -0.0507 -0.9838
vn -0.7658 -0.6300 -0.1291
vn -0.9777 0.0753 -0.1961
vn -0.2389 0.9119 -0.3338
vn -0.9822 0.1670 -0.0857
vn -0.8544 0.2406 0.4606
vn 0.1433 -0.9719 -0.1866
vn 0.9010 0.3019 -0.3114
vn 0.3216 0.3999 0.8583
vn -0.9102 0.2804 0.3050
vn 0.3932 0.0554 0.9178
vn 0.6580 -0.5425 0.5222
vn -0.6943 -0.6899 -0.2049
vn 0.0695 -0.0678 -0.9953
vn -0.2269 -0.5634 0.7944
vn -0.8248 -0.5502 -0.1305
vn -0.1997 -0.5861 0.7852
vn 0.4227 -0.0006 0.9063
vn 0.4495 -0.8526 -0.2664
vn 0.6111 -0.6654 0.4288
vn -0.9867 0.1622 -0.0045
vn -0.9231 -0.3845 0.0066
vn -0.2321 -0.5569 0.7975
vn -0.8903 0.4413 0.1126
vn -0.8945 0.3379 0.2927
vn -0.8659 0.2472 0.4348
vn 0.1393 -0.9744 -0.1765
vn 0.6799 -0.5249 -0.5121
vn -0.9527 -0.2968 0.0651
vn -0.7362 0.6447 0.2057
vn 0.5260 0.1961 -0.8275
vn 0.4961 0.1917 -0.8469
vn 0.8331 0.1754 0.5245
vn 0.1924 0.6353 0.7479
vn -0.1642 -0.8655 0.4732
vn 0.1521 -0.9747 -0.1640
vn -0.2331 0.9189 -0.3183
vn -0.4093 0.9058 0.1098
vn 0.1257 0.5906 0.7971
vn -0.4689 0.8831 -0.0150
vn -0.0367 -0.9977 0.0572
vn -0.8220 -0.5496 -0.1489
vn 0.2024 0.6078 0.7679
vn -0.8511 0.2582 0.4571
vn 0.5185 0.1910 -0.8334
vn 0.9012 0.2940 -0.3185
vn -0.8605 -0.1757 0.4782
vn -0.8663 0.2193 0.4487
vn 0.5038 0.1741 -0.8461
vn -0.1269 0.8718 -0.4731
vn -0.9877 0.1139 0.1069
vn -0.8707 0.2261 0.4367
vn 0.8588 0.1717 0.4827
vn 0.4253 -0.0183 0.9049
vn -0.3183 0.9466 -0.0504
vn -0.2858 0.8857 -0.3659
vn -0.9489 -0.1622 0.2708
vn -0.5964 0.6072 0.5249
vn 0.4782 0.1561 -0.8643
vn 0.4914 -0.2372 -0.8380
vn -0.2191 0.9277 -0.3023
vn -0.1703 0.9358 -0.3087
vn -0.8062 0.5571 0.1993
vn -0.6980 0.6123 0.3714
vn 0.9241 0.2109 -0.3187
vn 0.7675 -0.3543 0.5342
vn -0.9216 0.0840 -0.3790
vn -0.2142 0.8929 -0.3961
vn -0.2693 0.3949 0.8784
vn -0.0195 -0.4772 0.8786
vn -0.9782 0.0839 -0.1897
vn -0.2944 0.8519 -0.4332
vn 0.9013 0.2981 -0.3144
vn 0.8592 0.1834 0.4777
vn -0.1581 -0.7073 0.6890
vn -0.1053 -0.9315 0.3481
vn -0.3295 0.9411 -0.0762
vn -0.3037 0.8962 -0.3233
vn -0.7551 0.4659 0.4613
vn -0.8684 0.3723 0.3276
vn 0.6502 -0.5347 0.5397
vn -0.1406 -0.5703 0.8093
vn 0.8398 0.2366 0.4886
vn 0.9073 0.2902 -0.3042
vn 0.0582 -0.9174 0.3938
vn 0.4173 -0.6268 0.6581
vn -0.6604 -0.7315 -0.1697
vn -0.7623 -0.6379 -0.1096
vn -0.7387 0.4755 -0.4777
vn -0.6243 0.7660 -0.1533
vn -0.0704 0.1312 0.9889
vn -0.3694 -0.4705 0.8013
vn 0.1285 -0.9346 -0.3317
vn 0.0416 -0.1047 -0.9936
vn -0.7000 0.6104 0.3707
vn -0.8726 0.2524 0.4182
vn -0.1902 -0.9170 -0.3507
vn -0.7102 -0.7008 -0.0663
vn 0.8637 0.1965 0.4641
vn 0.8572 0.1957 0.4763
vn -0.1052 0.9893 -0.1006
vn -0.2137 0.9195 -0.3300
vn -0.5175 -0.8251 -0.2266
vn -0.4727 -0.8706 -0.1363
vn 0.9017 0.3314 0.2777
vn 0.9396 0.2300 0.2536
vn -0.6419 -0.7055 0.3003
vn -0.0952 -0.2505 0.9634
vn 0.9083 0.2894 -0.3022
vn 0.9146 0.3683 0.1667
vn 0.3647 0.4080 0.8370
vn 0.0367 0.0872 0.9955
vn 0.0090 0.8710 -0.4912
vn -0.3499 0.6987 -0.6241
vn 0.3969 -0.6172 -0.6794
vn 0.2378 -0.7544 -0.6118
vn 0.8577 0.2832 -0.4292
vn 0.9283 0.1620 0.3348
vn -0.9979 -0.0622 0.0165
vn -0.9835 0.1222 -0.1333
vn 0.1950 -0.9701 -0.1445
vn 0.1129 -0.9860 -0.1223
vn -0.4293 -0.4574 0.7788
vn -0.8951 0.4421 0.0569
vn 0.5580 -0.7527 0.3493
vn 0.1968 -0.9663 -0.1661
vn -0.4408 -0.8468 0.2977
vn -0.0634 -0.9924 0.1052
vn -0.2907 0.4610 -0.8385
vn 0.1026 -0.0822 -0.9913
vn 0.9883 0.1483 -0.0372
vn 0.9347 0.2716 0.2294
vn -0.6909 0.7204 0.0606
vn -0.2960 0.9305 0.2157
vn 0.0771 0.7070 -0.7030
vn -0.1736 0.3808 -0.9082
vn -0.8133 -0.5639 -0.1433
vn -0.4070 -0.8911 0.2009
vn -0.3708 -0.4809 0.7945
vn -0.0125 0.2002 0.9797
vn 0.6431 -0.7401 -0.1965
vn 0.9324 0.1171 -0.3418
vn -0.3881 0.4120 0.8244
vn -0.4287 0.2120 0.8782
vn -0.7102 -0.6769 -0.1937
vn -0.9795 -0.0670 -0.1897
vn -0.9400 0.2337 0.2486
vn -0.5589 0.5014 0.6605
vn -0.9409 0.2782 0.1931
vn -0.9252 0.3792 -0.0136
vn -0.3249 0.7454 -0.5820
vn -0.8852 0.0757 -0.4590
vn 0.7435 0.5039 0.4397
vn 0.8745 0.2196 0.4326
vn 0.5022 -0.1828 0.8452
vn 0.3077 -0.5797 0.7545
vn -0.9710 0.2367 -0.0345
vn -0.7114 -0.4755 0.5175
vn -0.6589 0.7233 0.2067
vn -0.9752 0.1590 -0.1536
vn 0.5694 -0.3596 -0.7392
vn 0.2704 -0.8722 -0.4076
vn 0.9142 0.1955 0.3550
vn 0.5747 0.1426 0.8058
vn -0.2762 0.9264 -0.2561
vn 0.6610 0.3659 0.6552
vn 0.0664 -0.9945 0.0810
vn -0.0917 -0.9042 0.4171
vn 0.6809 0.1236 0.7219
vn 0.7439 -0.4424 0.5010
vt 0.344476 0.229933
vt 0.289966 0.224363
vt 0.314942 0.273138
vt 0.711842 0.798224
vt 0.669594 0.808569
vt 0.679943 0.867979
vt 0.085238 0.682541
vt 0.088552 0.745888
vt 0.097350 0.745509
vt 0.588924 0.717011
vt 0.567676 0.731616
vt 0.573728 0.825513
vt 0.300674 0.273016
vt 0.300425 0.255380
vt 0.252814 0.249676
vt 0.007514 0.738865
vt 0.037592 0.686910
vt 0.403745 0.218538
vt 0.372163 0.319503
vt 0.395038 0.321303
vt 0.260153 0.343708
vt 0.297036 0.387850
vt 0.272879 0.300955
vt 0.633618 0.801794
vt 0.666339 0.865736
vt 0.062084 0.550389
vt 0.092883 0.547888
vt 0.087814 0.511451
vt 0.745320 0.840109
vt 0.792235 0.795626
vt 0.804688 0.762886
vt 0.748572 0.755362
vt 0.690869 0.699046
vt 0.655729 0.731082
vt 0.716576 0.793702
vt 0.626834 0.738064
vt 0.314577 0.366350
vt 0.380617 0.208463
vt 0.323604 0.289994
vt 0.725740 0.734034
vt 0.747271 0.805635
vt 0.721394 0.792477
vt 0.106169 0.821732
vt 0.089727 0.781164
vt 0.074179 0.802335
vt 0.017819 0.819806
vt 0.062286 0.768272
vt 0.767803 0.783066
vt 0.233176 0.293202
vt 0.258966 0.270610
vt 0.596230 0.833278
vt 0.594915 0.749515
vt 0.092796 0.584011
vt 0.113515 0.560690
vt 0.240945 0.248493
vt 0.274874 0.207133
vt 0.222080 0.207395
vt 0.177233 0.702406
vt 0.180044 0.641200
vt 0.117956 0.709536
vt 0.478148 0.292998
vt 0.423051 0.323375
vt 0.318923 0.190298
vt 0.282451 0.188555
vt 0.431177 0.214777
vt 0.124170 0.763786
vt 0.109313 0.766715
vt 0.142920 0.791672
vt 0.162791 0.788702
vt 0.148229 0.739564
vt 0.170319 0.456905
vt 0.104766 0.471172
vt 0.123412 0.500727
vt 0.138225 0.640290
vt 0.639384 0.671172
vt 0.321331 0.350923
vt 0.104163 0.621265
vt 0.085639 0.667575
vt 0.340690 0.338030
vt 0.138431 0.526572
vt 0.744029 0.753672
vt -0.002761 0.770118
vt 0.366704 0.194111
vt 0.674495 0.778492
vt 0.658401 0.767607
vt 0.273633 0.188772
vt 0.107220 0.498180
vt 0.101964 0.483865
vt 0.231951 0.329016
vt 0.746001 0.815358
vt 0.749223 0.823892
vt 0.242690 0.258819
vt 0.232181 0.281309
vt 0.644093 0.869977
vt 0.609549 0.841738
vt 0.610273 0.741376
vt 0.752956 0.820378
vt 0.593678 0.702419
vt 0.181317 0.769138
vt 0.080714 0.619117
vt 0.649754 0.704256
vt 0.760104 0.803471
vt 0.784014 0.803923
vt 0.762370 0.816950
vt 0.109111 0.603206
vt 0.129227 0.588688
vt 0.669130 0.679381
vt 0.666762 0.667600
vt 0.794324 0.810169
vt 0.788427 0.821468
vt 0.814580 0.806954
vt 0.084590 0.599965
vt 0.056189 0.583694
vt 0.056405 0.565253
vt 0.072506 0.635051
vt 0.063268 0.647743
vt 0.098090 0.497593
vt 0.098731 0.767955
vt 0.766059 0.828964
vt 0.756739 0.823172
vt 0.791179 0.810749
vt 0.775000 0.823875
vt 0.145409 0.574362
vt 0.348182 0.331903
vt 0.073681 0.851875
vt 0.058135 0.838554
vt 0.607427 0.702354
vt 0.598398 0.709041
vt 0.565825 0.736991
vt 0.498715 0.270654
vt 0.502233 0.266461
vt 0.457910 0.234954
vt 0.623600 0.684481
vt 0.418180 0.329951
vt 0.051520 0.589424
vt 0.254280 0.184341
vt 0.036352 0.830823
vt 0.173267 0.740638
vt 0.139898 0.729867
vt 0.800060 0.758337
vt 0.752527 0.747784
vt 0.017662 0.826431
vt 0.118828 0.549234
vt 0.146207 0.564724
vt 0.168139 0.731860
vt 0.656877 0.664175
vt 0.644247 0.673109
vt 0.067963 0.635417
vt 0.075093 0.649152
vt 0.051587 0.595093
vt 0.149449 0.540846
vt 0.648330 0.667080
vt 0.162716 0.445152
vt 0.735932 0.861979
vt 0.246972 0.345996
vt 0.748342 0.844513
vt 0.780549 0.829226
vt 0.368934 0.326854
vt 0.670504 0.876186
vt 0.657978 0.878583
vt 0.448469 0.336694
vt 0.117972 0.555624
vt 0.440368 0.213709
vt 0.079583 0.848491
vt 0.661136 0.792608
vt 0.109192 0.607770
vt 0.674518 0.791786
vt 0.083440 0.765121
vt 0.563637 0.768531
vt 0.568767 0.823280
vt 0.654152 0.659780
vt 0.637687 0.669091
vt 0.811008 0.815194
vt 0.128498 0.275397
vt 0.071459 0.179689
vt 0.030640 0.292941
vt 0.151031 0.361012
vt 0.178105 0.291100
vt 0.087141 0.323656
vt 0.122615 0.006896
vt 0.138840 0.095173
vt 0.159369 0.025963
vt 0.435910 0.366412
vt 0.491401 0.458323
vt 0.527662 0.367107
vt 0.666947 0.347249
vt 0.730312 0.397942
vt 0.724352 0.322040
vt 0.445244 0.614710
vt 0.231261 0.683015
vt 0.429846 0.711583
vt 0.506720 0.780018
vt 0.539313 0.693222
vt 0.450264 0.781675
vt 0.132909 0.267900
vt 0.132707 0.169526
vt 0.075596 0.056318
vt 0.129346 0.098632
vt 0.597693 0.208527
vt 0.687512 0.298644
vt 0.712680 0.265885
vt 0.086995 0.142184
vt 0.134884 0.105389
vt 0.723942 0.193733
vt 0.595588 0.181254
vt 0.412859 0.432850
vt 0.111092 0.408677
vt 0.026629 0.415028
vt 0.110675 0.463382
vt 0.435122 0.487760
vt 0.464031 0.558162
vt 0.522042 0.546471
vt 0.023948 0.387328
vt 0.242607 0.751530
vt 0.233353 0.851528
vt 0.308540 0.823596
vt 0.243104 0.766472
vt 0.387833 0.801158
vt 0.384590 0.743284
vt 0.438647 0.739403
vt 0.198148 0.246475
vt 0.031250 0.344282
vt 0.207712 0.707374
vt 0.488348 0.573462
vt 0.032953 0.398186
vt 0.170355 0.150405
vt 0.196194 0.210147
vt 0.537514 0.618165
vt 0.501688 0.610055
vt 0.723457 0.174106
vt 0.659826 0.142786
vt 0.061043 0.161506
vt 0.016891 0.084330
vt 0.654844 0.400199
vt 0.602760 0.391255
vt 0.543253 0.348938
vt 0.444425 0.348287
vt 0.038447 0.169611
vt 0.718410 0.411539
vt 0.624062 0.410076
vt 0.417287 0.728865
vt 0.423961 0.744172
vt 0.711586 0.279930
vt 0.208115 0.255384
vt 0.720713 0.262965
vt 0.018121 0.403116
vt 0.474165 0.594336
vt 0.115865 0.438147
vt 0.473488 0.570435
vt 0.731655 0.413341
vt 0.158450 0.036693
vt 0.522096 0.496760
vt 0.856390 0.449196
vt 0.951412 0.457242
vt 0.961833 0.365650
vt 0.883234 0.806046
vt 0.906603 0.898775
vt 0.937964 0.871476
vt 0.686113 0.580597
vt 0.593600 0.464136
vt 0.629774 0.612773
vt 0.822099 0.604938
vt 0.815275 0.549518
vt 0.703378 0.618125
vt 0.839506 0.985835
vt 0.801203 0.851778
vt 0.642692 0.906553
vt 0.909314 0.919486
vt 0.986045 0.895964
vt 0.880050 0.403230
vt 0.854983 0.611021
vt 0.859402 0.497298
vt 0.823843 0.532557
vt 0.846558 0.494592
vt 0.654157 0.447497
vt 0.737319 0.545459
vt 0.570403 0.590818
vt 0.619361 0.617560
vt 0.987929 0.740953
vt 0.900024 0.721360
vt 0.928908 0.781566
vt 0.576072 0.990234
vt 0.587068 0.920157
vt 0.569473 0.460192
vt 0.983951 0.922620
vt 0.914953 0.933474
vt 0.989851 0.940015
vt 0.828018 0.192474
vt 0.857990 0.422013
vt 0.984778 0.884067
vt 0.989202 0.838050
vt 0.994534 0.791654
vt 0.848158 0.974333
vt 0.894684 0.718942
vt 0.878919 0.773572
vt 0.485536 0.976128
vt 0.511291 1.000674
vt 0.797890 0.543959
vt 0.747470 0.552632
vt 0.947726 0.832066
vt 0.633224 0.626331
vt 0.863990 0.462396
vt 0.900035 0.893624
vt 0.841753 0.869438
vt 0.813649 0.842213
vt 0.976670 0.727847
vt 0.938327 0.473196
vt 0.858265 0.165705
vt 0.891459 0.151335
vt 0.931109 0.311839
vt 0.976069 0.323964
vt 0.934209 0.182156
vt 0.659876 0.495239
vt 0.900739 0.704318
vt 0.902699 0.712808
vt 0.490729 0.922834
vt 0.479260 0.943162
vt 0.825137 0.591433
vt 0.966583 0.282709
vt 0.951616 0.196829
vt 0.919112 0.286964
vt 0.904763 0.685445
vt 0.993664 0.724067
vt 0.965789 0.456794
vt 0.702036 0.573573
vt 0.601522 0.454200
vt 0.970674 0.308542
vt 0.991423 0.814831
vt 0.985981 0.832707
vt 0.922593 0.978400
vt 0.601055 0.461294
vt 0.861172 0.889959
vt 0.654280 0.631659
vt 0.993739 0.823974
vt 0.995278 0.838982
vt 0.940749 0.301112
vt 0.203242 0.559227
vt 0.204852 0.637413
vt 0.333132 0.528255
vt 0.053260 0.915374
vt 0.016232 0.937283
vt 0.042810 0.995190
vt 0.350691 0.140212
vt 0.454304 0.091375
vt 0.417861 0.053863
vt 0.491012 0.860201
vt 0.418159 0.918839
vt 0.450979 0.944008
vt 0.531266 0.057122
vt 0.395221 0.157410
vt 0.533977 0.142416
vt 0.100012 0.894436
vt 0.083534 0.949044
vt 0.133122 0.912555
vt 0.068604 0.894732
vt 0.045270 0.895535
vt 0.072312 0.922391
vt 0.280169 0.472109
vt 0.260574 0.859658
vt 0.234919 0.865886
vt 0.244292 0.926027
vt 0.181201 0.893677
vt 0.192308 0.874306
vt 0.138670 0.871690
vt 0.223653 0.927559
vt 0.222193 0.893270
vt 0.174640 0.898353
vt 0.176148 0.943028
vt 0.206073 0.934588
vt 0.172668 0.940145
vt 0.351632 0.578669
vt 0.385692 0.951492
vt 0.423990 0.963851
vt 0.085408 0.909090
vt 0.401544 0.816044
vt 0.486618 0.840294
vt 0.514252 0.784230
vt 0.138221 0.847934
vt 0.212121 0.864759
vt 0.251834 0.425214
vt 0.200391 0.469287
vt 0.208742 0.481847
vt 0.270584 0.462301
vt 0.027746 0.892629
vt 0.005884 0.928001
vt 0.364789 0.564823
vt 0.362503 0.553390
vt 0.404600 0.810103
vt 0.169210 0.909101
vt 0.164245 0.892248
vt 0.219092 0.415646
vt 0.087012 0.884336
vt 0.101303 0.868054
vt 0.104859 0.878972
vt 0.132980 0.890380
vt 0.246888 0.639174
vt 0.372564 0.819581
vt 0.380402 0.824864
vt 0.391458 0.816923
vt 0.116623 0.854987
vt 0.107865 0.859977
vt 0.107365 0.869787
vt 0.348875 0.829352
vt 0.309523 0.846417
vt 0.325645 0.942971
vt 0.555156 0.051475
vt 0.182016 0.476933
vt 0.189524 0.490424
vt 0.188441 0.525331
vt 0.480852 0.016402
vt 0.491719 0.047882
vt 0.527636 0.022677
vt 0.473018 0.094061
vt 0.530258 0.028734
vt 0.224460 0.484903
vt 0.184428 0.506177
vt 0.556482 0.152762
vt 0.092449 0.961432
vt 0.133504 0.901738
vt 0.444304 0.047581
vt 0.404721 0.821815
vt 0.440431 0.076562
vt 0.466505 0.040608
vt 0.462947 0.084025
vt 0.112137 0.889452
vt 0.228573 0.920567
vt 0.328135 0.113002
vt 0.105117 0.862556
vt 0.324311 0.127393
vt 0.409695 0.858200
vt 0.432417 0.854750
vt 0.253148 0.472648
vt 0.454152 0.057642
vt 0.450662 0.083539
vt 0.524757 0.802658
vt 0.271717 0.442983
vt 0.433104 0.879971
vt 0.411968 0.878699
vt 0.281687 0.448930
vt 0.217742 0.892650
vt 0.091403 0.862899
vt 0.207012 0.655775
vt 0.227656 0.873361
vt 0.218244 0.858719
vt 0.413006 0.850668
vt 0.418355 0.882081
vt 0.427587 0.873070
vt 0.412766 0.865058
vt 0.103732 0.858018
vt 0.238982 0.652129
vt 0.330077 0.596585
vt 0.426123 0.856612
vt 0.076353 0.897747
vt 0.440293 0.798048
vt 0.178511 0.494402
vt 0.310472 0.123136
vt 0.325866 0.105323
vt 0.124437 0.850166
vt 0.077462 0.921334
vt 0.535195 0.804141
vt 0.429638 0.965013
s 0
usemtl campfire_model6_stone
f 1/1/1 2/2/1 3/3/1
f 4/4/2 5/5/2 6/6/2
f 7/7/3 8/8/3 9/9/3
f 10/10/4 11/11/4 12/12/4
f 13/13/5 14/14/5 15/15/5
f 16/16/6 17/8/6 18/17/6
f 19/18/7 20/19/7 21/20/7
f 22/21/8 23/22/8 24/23/8
f 25/5/9 26/24/9 27/25/9
f 28/26/10 29/27/10 30/28/10
f 31/29/11 32/4/11 33/6/11
f 34/30/12 35/31/12 36/32/12
f 37/33/13 38/34/13 39/35/13
f 40/34/14 41/36/14 42/24/14
f 43/23/15 44/22/15 45/37/15
f 46/19/16 47/38/16 48/39/16
f 49/40/17 50/33/17 51/35/17
f 52/41/18 53/32/18 54/42/18
f 55/43/19 56/44/19 57/45/19
f 58/16/20 59/46/20 60/47/20
f 61/32/21 62/48/21 63/30/21
f 64/49/22 65/23/22 66/50/22
f 67/51/23 68/52/23 69/12/23
f 70/53/24 71/54/24 72/26/24
f 73/55/25 74/56/25 75/57/25
f 76/45/26 77/47/26 78/46/26
f 79/58/27 80/59/27 81/60/27
f 82/61/28 83/18/28 84/62/28
f 85/1/29 86/63/29 87/64/29
f 88/65/30 89/18/30 90/61/30
s 1
f 91/66/31 92/60/31 93/67/31
s 0
f 94/68/32 95/69/32 96/70/32
f 97/25/33 98/6/33 99/5/33
f 100/71/34 101/72/34 102/73/34
f 103/74/35 104/60/35 105/59/35
f 106/75/36 107/36/36 108/34/36
f 109/15/37 110/23/37 111/13/37
f 112/23/38 113/76/38 114/39/38
f 115/60/39 116/77/39 117/78/39
f 118/60/40 119/78/40 120/9/40
f 121/79/41 122/39/41 123/76/41
f 124/27/10 125/80/10 126/28/10
f 127/81/42 128/40/42 129/35/42
s 1
f 130/46/43 131/16/43 132/82/43
s 0
f 133/39/44 134/38/44 135/1/44
f 136/1/45 137/38/45 138/83/45
f 139/34/46 140/84/46 141/35/46
f 142/34/47 143/24/47 144/85/47
f 145/86/48 146/57/48 147/56/48
f 148/1/49 149/64/49 150/2/49
f 151/87/50 152/28/50 153/80/50
f 154/72/51 155/88/51 156/73/51
f 157/83/52 158/63/52 159/1/52
f 160/43/53 161/68/53 162/66/53
f 163/89/54 164/23/54 165/49/54
f 166/90/55 167/42/55 168/91/55
f 169/92/56 170/93/56 171/50/56
f 172/55/57 173/15/57 174/56/57
f 175/94/58 176/24/58 177/95/58
f 178/51/59 179/24/59 180/52/59
f 181/74/60 182/77/60 183/60/60
f 184/96/61 185/24/61 186/36/61
s 1
f 187/48/62 188/32/62 189/41/62
s 0
f 190/90/63 191/91/63 192/97/63
f 193/24/64 194/96/64 195/52/64
f 196/10/65 197/98/65 198/11/65
f 199/99/66 200/70/66 201/69/66
f 202/38/67 203/19/67 204/18/67
f 205/77/68 206/100/68 207/78/68
f 208/101/69 209/34/69 210/33/69
f 211/97/70 212/102/70 213/41/70
f 214/103/71 215/102/71 216/104/71
f 217/20/72 218/62/72 219/18/72
f 220/105/73 221/106/73 222/53/73
f 223/8/74 224/7/74 225/17/74
f 226/107/75 227/33/75 228/108/75
f 229/109/76 230/110/76 231/111/76
f 232/30/77 233/48/77 234/103/77
f 235/112/78 236/105/78 237/53/78
s 1
f 238/113/79 239/53/79 240/114/79
s 0
f 241/100/80 242/115/80 243/78/80
f 244/17/81 245/7/81 246/116/81
f 247/30/82 248/111/82 249/31/82
f 250/109/83 251/111/83 252/30/83
s 1
f 253/24/84 254/94/84 255/25/84
s 0
f 256/117/85 257/28/85 258/87/85
f 259/43/86 260/118/86 261/44/86
f 262/118/87 263/43/87 264/66/87
f 265/119/88 266/120/88 267/91/88
f 268/121/89 269/104/89 270/122/89
f 271/53/90 272/106/90 273/123/90
f 274/19/91 275/39/91 276/124/91
f 277/125/92 278/45/92 279/126/92
f 280/43/93 281/45/93 282/125/93
f 283/127/94 284/98/94 285/128/94
f 286/128/95 287/98/95 288/10/95
f 289/42/96 290/35/96 291/29/96
f 292/32/97 293/35/97 294/42/97
f 295/3/98 296/14/98 297/13/98
f 298/13/99 299/23/99 300/39/99
f 301/12/100 302/11/100 303/129/100
f 304/130/101 305/131/101 306/132/101
f 307/4/102 308/29/102 309/35/102
f 310/35/103 311/84/103 312/4/103
f 313/103/104 314/104/104 315/121/104
f 316/103/105 317/121/105 318/30/105
f 319/127/106 320/133/106 321/98/106
f 322/36/107 323/75/107 324/133/107
f 325/134/108 326/62/108 327/20/108
f 328/114/109 329/135/109 330/113/109
f 331/57/110 332/86/110 333/136/110
f 334/45/111 335/46/111 336/137/111
f 337/96/112 338/36/112 339/127/112
f 340/127/113 341/36/113 342/133/113
f 343/87/114 344/80/114 345/73/114
f 346/73/115 347/88/115 348/87/115
s 1
f 349/42/116 350/29/116 351/91/116
s 0
f 352/119/117 353/91/117 354/29/117
f 355/70/118 356/99/118 357/138/118
f 358/58/119 359/60/119 360/139/119
f 361/128/120 362/52/120 363/96/120
f 364/128/121 365/96/121 366/127/121
s 1
f 367/31/122 368/140/122 369/141/122
s 0
f 370/46/123 371/142/123 372/137/123
f 373/26/124 374/54/124 375/27/124
f 376/143/125 377/144/125 378/80/125
f 379/130/126 380/132/126 381/65/126
f 382/145/127 383/58/127 384/139/127
f 385/108/128 386/146/128 387/147/128
f 388/148/129 389/116/129 390/149/129
f 391/102/130 392/97/130 393/104/130
f 394/120/131 395/122/131 396/104/131
f 397/150/132 398/112/132 399/113/132
f 400/113/133 401/112/133 402/53/133
f 403/144/134 404/151/134 405/80/134
f 406/23/135 407/37/135 408/76/135
f 409/101/136 410/75/136 411/34/136
f 412/75/137 413/147/137 414/152/137
f 415/70/138 416/145/138 417/139/138
f 418/68/139 419/70/139 420/139/139
f 421/21/140 422/23/140 423/89/140
f 424/72/141 425/71/141 426/153/141
f 427/14/142 428/56/142 429/15/142
f 430/56/143 431/2/143 432/64/143
f 433/48/144 434/41/144 435/102/144
f 436/48/145 437/102/145 438/103/145
f 439/114/146 440/53/146 441/26/146
f 442/95/147 443/24/147 444/51/147
f 445/14/148 446/2/148 447/56/148
f 448/3/149 449/2/149 450/14/149
f 451/139/150 452/60/150 453/66/150
f 454/139/151 455/66/151 456/68/151
f 457/6/152 458/154/152 459/29/152
f 460/155/153 461/21/153 462/89/153
f 463/107/154 464/101/154 465/33/154
f 466/147/155 467/75/155 468/101/155
f 469/66/156 470/67/156 471/118/156
f 472/67/157 473/60/157 474/9/157
f 475/12/158 476/52/158 477/10/158
f 478/128/159 479/10/159 480/52/159
f 481/154/160 482/156/160 483/29/160
f 484/29/161 485/156/161 486/157/161
s 1
f 487/19/162 488/158/162 489/20/162
s 0
f 490/158/163 491/19/163 492/124/163
f 493/107/164 494/108/164 495/147/164
f 496/107/165 497/147/165 498/101/165
s 1
f 499/122/166 500/157/166 501/121/166
s 0
f 502/119/167 503/29/167 504/157/167
f 505/25/168 506/159/168 507/6/168
f 508/160/169 509/25/169 510/94/169
f 511/61/170 512/62/170 513/161/170
f 514/62/171 515/134/171 516/161/171
f 517/141/172 518/40/172 519/81/172
f 520/32/173 521/31/173 522/141/173
f 523/67/174 524/9/174 525/118/174
f 526/118/175 527/9/175 528/8/175
f 529/124/176 530/39/176 531/79/176
f 532/53/177 533/123/177 534/144/177
f 535/142/178 536/126/178 537/137/178
f 538/45/179 539/137/179 540/126/179
f 541/122/180 542/120/180 543/119/180
f 544/119/181 545/157/181 546/122/181
f 547/53/182 548/144/182 549/54/182
f 550/54/183 551/144/183 552/162/183
f 553/78/184 554/115/184 555/149/184
f 556/149/185 557/116/185 558/7/185
f 559/159/186 560/25/186 561/160/186
f 562/88/187 563/117/187 564/87/187
f 565/163/188 566/65/188 567/132/188
f 568/138/189 569/145/189 570/70/189
s 1
f 571/30/190 572/121/190 573/109/190
s 0
f 574/110/191 575/109/191 576/121/191
f 577/42/192 578/90/192 579/41/192
f 580/97/193 581/41/193 582/90/193
f 583/164/194 584/43/194 585/125/194
f 586/56/195 587/64/195 588/86/195
f 589/54/196 590/162/196 591/27/196
f 592/162/197 593/144/197 594/143/197
f 595/34/198 596/85/198 597/84/198
f 598/85/199 599/24/199 600/165/199
f 601/166/200 602/106/200 603/105/200
f 604/112/201 605/166/201 606/105/201
f 607/9/202 608/78/202 609/7/202
f 610/7/203 611/78/203 612/149/203
f 613/162/204 614/143/204 615/27/204
f 616/143/205 617/80/205 618/27/205
f 619/104/206 620/97/206 621/120/206
f 622/120/207 623/97/207 624/91/207
f 625/92/208 626/50/208 627/15/208
f 628/50/209 629/23/209 630/15/209
f 631/84/210 632/85/210 633/165/210
f 634/84/211 635/167/211 636/4/211
f 637/118/212 638/8/212 639/168/212
f 640/16/213 641/47/213 642/8/213
f 643/169/214 644/170/214 645/129/214
f 646/65/215 647/61/215 648/130/215
s 1
f 649/146/216 650/152/216 651/147/216
s 0
f 652/152/217 653/171/217 654/172/217
f 655/39/218 656/3/218 657/13/218
f 658/1/219 659/3/219 660/39/219
f 661/47/220 662/45/220 663/168/220
f 664/8/221 665/47/221 666/168/221
f 667/24/222 668/5/222 669/165/222
f 670/165/223 671/167/223 672/84/223
f 673/55/224 674/92/224 675/15/224
s 1
f 676/110/225 677/173/225 678/111/225
s 0
f 679/150/226 680/113/226 681/135/226
f 682/170/227 683/12/227 684/129/227
f 685/171/228 686/152/228 687/146/228
f 688/149/229 689/115/229 690/148/229
f 691/5/230 692/167/230 693/165/230
f 694/4/231 695/167/231 696/5/231
f 697/44/232 698/118/232 699/168/232
f 700/44/233 701/168/233 702/45/233
f 703/93/234 704/49/234 705/50/234
f 706/121/235 707/157/235 708/110/235
s 1
f 709/141/236 710/81/236 711/32/236
s 0
f 712/32/237 713/81/237 714/35/237
f 715/172/238 716/75/238 717/152/238
f 718/75/239 719/172/239 720/133/239
f 721/174/240 722/175/240 723/176/240
f 724/177/241 725/178/241 726/179/241
f 727/180/242 728/181/242 729/182/242
f 730/183/243 731/184/243 732/185/243
f 733/186/244 734/187/244 735/188/244
f 736/189/245 737/190/245 738/191/245
f 739/192/246 740/193/246 741/194/246
f 742/195/247 743/196/247 744/175/247
f 745/180/248 746/197/248 747/198/248
f 748/199/249 749/200/249 750/201/249
f 751/202/250 752/196/250 753/203/250
f 754/198/251 755/197/251 756/202/251
f 757/201/252 758/204/252 759/205/252
f 760/184/253 761/183/253 762/206/253
s 1
f 763/207/254 764/208/254 765/209/254
s 0
f 766/191/255 767/193/255 768/189/255
f 769/210/256 770/211/256 771/212/256
f 772/179/257 773/213/257 774/207/257
f 775/190/258 776/214/258 777/191/258
f 778/215/259 779/216/259 780/217/259
f 781/214/260 782/218/260 783/219/260
f 784/194/261 785/193/261 786/220/261
f 787/221/262 788/195/262 789/178/262
f 790/174/263 791/179/263 792/178/263
f 793/179/264 794/222/264 795/213/264
f 796/179/265 797/174/265 798/176/265
f 799/196/266 800/195/266 801/221/266
f 802/219/267 803/218/267 804/194/267
f 805/190/268 806/223/268 807/214/268
f 808/201/269 809/205/269 810/199/269
f 811/212/270 812/211/270 813/224/270
f 814/225/271 815/208/271 816/207/271
f 817/203/272 818/196/272 819/226/272
f 820/227/273 821/196/273 822/221/273
f 823/193/274 824/228/274 825/229/274
f 826/177/275 827/179/275 828/207/275
f 829/205/276 830/230/276 831/231/276
f 832/232/277 833/197/277 834/233/277
f 835/196/278 836/202/278 837/175/278
f 838/202/279 839/197/279 840/232/279
f 841/234/280 842/199/280 843/235/280
f 844/193/281 845/229/281 846/189/281
f 847/236/282 848/237/282 849/185/282
f 850/176/283 851/175/283 852/238/283
f 853/239/284 854/186/284 855/234/284
f 856/199/285 857/234/285 858/186/285
f 859/240/286 860/239/286 861/234/286
f 862/234/287 863/235/287 864/240/287
f 865/175/288 866/232/288 867/238/288
f 868/202/289 869/232/289 870/175/289
f 871/241/290 872/214/290 873/219/290
f 874/220/291 875/193/291 876/191/291
f 877/222/292 878/179/292 879/176/292
f 880/212/293 881/184/293 882/210/293
f 883/194/294 884/242/294 885/219/294
f 886/219/295 887/242/295 888/241/295
f 889/188/296 890/243/296 891/200/296
f 892/184/297 893/206/297 894/210/297
f 895/217/298 896/216/298 897/218/298
f 898/227/299 899/226/299 900/196/299
f 901/244/300 902/221/300 903/178/300
f 904/227/301 905/221/301 906/244/301
f 907/245/302 908/204/302 909/201/302
s 1
f 910/243/303 911/188/303 912/245/303
s 0
f 913/225/304 914/246/304 915/208/304
f 916/239/305 917/187/305 918/186/305
f 919/181/306 920/203/306 921/226/306
f 922/180/307 923/198/307 924/181/307
f 925/189/308 926/229/308 927/247/308
f 928/207/309 929/209/309 930/248/309
f 931/201/310 932/243/310 933/245/310
f 934/201/311 935/200/311 936/243/311
f 937/213/312 938/246/312 939/225/312
f 940/213/313 941/225/313 942/207/313
f 943/214/314 944/241/314 945/191/314
f 946/191/315 947/241/315 948/242/315
s 1
f 949/203/316 950/181/316 951/198/316
s 0
f 952/203/317 953/198/317 954/202/317
f 955/211/318 956/249/318 957/224/318
f 958/239/319 959/250/319 960/187/319
f 961/178/320 962/195/320 963/174/320
s 1
f 964/175/321 965/174/321 966/195/321
s 0
f 967/185/322 968/237/322 969/183/322
f 970/204/323 971/230/323 972/205/323
s 1
f 973/182/324 974/181/324 975/251/324
f 976/217/325 977/218/325 978/214/325
s 0
f 979/252/326 980/185/326 981/184/326
f 982/252/327 983/184/327 984/212/327
f 985/220/328 986/191/328 987/242/328
f 988/220/329 989/242/329 990/194/329
f 991/199/330 992/186/330 993/200/330
f 994/186/331 995/188/331 996/200/331
f 997/253/332 998/254/332 999/255/332
f 1000/256/333 1001/257/333 1002/258/333
f 1003/259/334 1004/260/334 1005/261/334
f 1006/262/335 1007/263/335 1008/264/335
f 1009/265/336 1010/266/336 1011/267/336
f 1012/257/337 1013/268/337 1014/269/337
f 1015/270/338 1016/253/338 1017/255/338
f 1018/269/339 1019/258/339 1020/257/339
f 1021/271/340 1022/272/340 1023/273/340
f 1024/274/341 1025/275/341 1026/276/341
f 1027/277/342 1028/278/342 1029/260/342
s 1
f 1030/279/343 1031/280/343 1032/281/343
s 0
f 1033/282/344 1034/265/344 1035/283/344
f 1036/260/345 1037/284/345 1038/277/345
f 1039/285/346 1040/286/346 1041/287/346
f 1042/288/347 1043/289/347 1044/270/347
f 1045/258/348 1046/290/348 1047/291/348
f 1048/292/349 1049/279/349 1050/281/349
f 1051/293/350 1052/266/350 1053/265/350
f 1054/272/351 1055/274/351 1056/273/351
f 1057/294/352 1058/295/352 1059/281/352
s 1
f 1060/296/353 1061/297/353 1062/283/353
s 0
f 1063/276/354 1064/298/354 1065/274/354
f 1066/264/355 1067/263/355 1068/299/355
f 1069/258/356 1070/300/356 1071/256/356
f 1072/300/357 1073/258/357 1074/291/357
f 1075/301/358 1076/259/358 1077/261/358
f 1078/302/359 1079/254/359 1080/253/359
f 1081/303/360 1082/257/360 1083/256/360
s 1
f 1084/304/361 1085/305/361 1086/266/361
s 0
f 1087/278/362 1088/261/362 1089/260/362
f 1090/261/363 1091/278/363 1092/301/363
f 1093/279/364 1094/306/364 1095/280/364
f 1096/254/365 1097/302/365 1098/307/365
f 1099/308/366 1100/270/366 1101/309/366
f 1102/269/367 1103/268/367 1104/285/367
f 1105/310/368 1106/270/368 1107/311/368
f 1108/309/369 1109/270/369 1110/312/369
f 1111/313/370 1112/276/370 1113/275/370
f 1114/297/371 1115/282/371 1116/283/371
f 1117/314/372 1118/315/372 1119/306/372
f 1120/316/373 1121/317/373 1122/283/373
f 1123/270/374 1124/308/374 1125/288/374
f 1126/271/375 1127/273/375 1128/318/375
f 1129/273/376 1130/263/376 1131/318/376
f 1132/273/377 1133/274/377 1134/298/377
s 1
f 1135/300/378 1136/281/378 1137/256/378
s 0
f 1138/300/379 1139/292/379 1140/281/379
s 1
f 1141/263/380 1142/298/380 1143/299/380
s 0
f 1144/263/381 1145/273/381 1146/298/381
f 1147/319/382 1148/320/382 1149/321/382
f 1150/312/383 1151/270/383 1152/321/383
f 1153/322/384 1154/306/384 1155/323/384
f 1156/307/385 1157/324/385 1158/254/385
f 1159/290/386 1160/258/386 1161/269/386
f 1162/320/387 1163/312/387 1164/321/387
f 1165/298/388 1166/276/388 1167/299/388
f 1168/313/389 1169/325/389 1170/276/389
f 1171/284/390 1172/260/390 1173/326/390
f 1174/259/391 1175/313/391 1176/260/391
f 1177/327/392 1178/310/392 1179/311/392
f 1180/328/393 1181/300/393 1182/329/393
f 1183/293/394 1184/304/394 1185/266/394
f 1186/286/395 1187/330/395 1188/287/395
f 1189/313/396 1190/275/396 1191/331/396
f 1192/331/397 1193/260/397 1194/313/397
f 1195/328/398 1196/292/398 1197/300/398
f 1198/255/399 1199/311/399 1200/270/399
f 1201/283/400 1202/317/400 1203/296/400
f 1204/322/401 1205/314/401 1206/306/401
f 1207/332/402 1208/304/402 1209/293/402
f 1210/286/403 1211/285/403 1212/268/403
f 1213/270/404 1214/289/404 1215/253/404
f 1216/333/405 1217/262/405 1218/264/405
f 1219/329/406 1220/334/406 1221/328/406
f 1222/291/407 1223/290/407 1224/335/407
f 1225/326/408 1226/331/408 1227/275/408
f 1228/260/409 1229/331/409 1230/326/409
f 1231/333/410 1232/264/410 1233/301/410
f 1234/264/411 1235/259/411 1236/301/411
f 1237/291/412 1238/335/412 1239/334/412
f 1240/327/413 1241/319/413 1242/336/413
f 1243/281/414 1244/295/414 1245/256/414
f 1246/283/415 1247/265/415 1248/267/415
f 1249/325/416 1250/264/416 1251/299/416
f 1252/276/417 1253/325/417 1254/299/417
f 1255/319/418 1256/321/418 1257/336/418
f 1258/327/419 1259/336/419 1260/310/419
f 1261/313/420 1262/259/420 1263/325/420
f 1264/264/421 1265/325/421 1266/259/421
f 1267/306/422 1268/315/422 1269/280/422
f 1270/315/423 1271/314/423 1272/294/423
f 1273/270/424 1274/310/424 1275/321/424
f 1276/310/425 1277/336/425 1278/321/425
f 1279/329/426 1280/291/426 1281/334/426
f 1282/291/427 1283/329/427 1284/300/427
f 1285/315/428 1286/294/428 1287/280/428
f 1288/281/429 1289/280/429 1290/294/429
f 1291/318/430 1292/263/430 1293/262/430
f 1294/262/431 1295/271/431 1296/318/431
f 1297/337/432 1298/338/432 1299/339/432
f 1300/340/433 1301/341/433 1302/342/433
f 1303/343/434 1304/344/434 1305/345/434
f 1306/346/435 1307/347/435 1308/348/435
f 1309/349/436 1310/350/436 1311/351/436
f 1312/352/437 1313/353/437 1314/354/437
f 1315/355/438 1316/356/438 1317/357/438
f 1318/358/439 1319/337/439 1320/339/439
f 1321/359/440 1322/360/440 1323/361/440
f 1324/362/441 1325/363/441 1326/364/441
f 1327/365/442 1328/366/442 1329/362/442
f 1330/344/443 1331/343/443 1332/350/443
f 1333/367/444 1334/368/444 1335/369/444
f 1336/353/445 1337/370/445 1338/354/445
f 1339/371/446 1340/339/446 1341/338/446
f 1342/347/447 1343/372/447 1344/373/447
f 1345/340/448 1346/342/448 1347/353/448
f 1348/374/449 1349/353/449 1350/352/449
f 1351/340/450 1352/356/450 1353/341/450
f 1354/375/451 1355/376/451 1356/377/451
f 1357/378/452 1358/363/452 1359/379/452
f 1360/360/453 1361/366/453 1362/361/453
s 1
f 1363/380/454 1364/381/454 1365/382/454
s 0
f 1366/363/455 1367/378/455 1368/364/455
f 1369/382/456 1370/383/456 1371/380/456
f 1372/384/457 1373/385/457 1374/356/457
f 1375/386/458 1376/387/458 1377/371/458
f 1378/375/459 1379/377/459 1380/388/459
f 1381/389/460 1382/370/460 1383/367/460
f 1384/390/461 1385/362/461 1386/364/461
f 1387/380/462 1388/391/462 1389/381/462
f 1390/392/463 1391/374/463 1392/352/463
f 1393/393/464 1394/392/464 1395/394/464
f 1396/364/465 1397/395/465 1398/390/465
f 1399/396/466 1400/371/466 1401/338/466
f 1402/397/467 1403/398/467 1404/399/467
f 1405/400/468 1406/401/468 1407/364/468
f 1408/364/469 1409/402/469 1410/394/469
f 1411/403/470 1412/404/470 1413/405/470
s 1
f 1414/404/471 1415/361/471 1416/405/471
s 0
f 1417/348/472 1418/347/472 1419/373/472
f 1420/351/473 1421/406/473 1422/349/473
s 1
f 1423/407/474 1424/408/474 1425/382/474
s 0
f 1426/409/475 1427/338/475 1428/337/475
f 1429/410/476 1430/411/476 1431/412/476
f 1432/350/477 1433/349/477 1434/413/477
f 1435/406/478 1436/414/478 1437/349/478
f 1438/411/479 1439/349/479 1440/414/479
f 1441/415/480 1442/416/480 1443/409/480
f 1444/364/481 1445/378/481 1446/400/481
f 1447/417/482 1448/406/482 1449/351/482
f 1450/418/483 1451/370/483 1452/353/483
f 1453/405/484 1454/398/484 1455/403/484
f 1456/398/485 1457/372/485 1458/347/485
f 1459/389/486 1460/419/486 1461/354/486
f 1462/389/487 1463/354/487 1464/370/487
f 1465/398/488 1466/405/488 1467/372/488
f 1468/345/489 1469/420/489 1470/410/489
s 1
f 1471/367/490 1472/390/490 1473/389/490
s 0
f 1474/395/491 1475/389/491 1476/390/491
f 1477/346/492 1478/376/492 1479/421/492
f 1480/341/493 1481/356/493 1482/385/493
s 1
f 1483/349/494 1484/411/494 1485/413/494
s 0
f 1486/420/495 1487/345/495 1488/422/495
s 1
f 1489/419/496 1490/352/496 1491/354/496
s 0
f 1492/395/497 1493/419/497 1494/389/497
f 1495/359/498 1496/361/498 1497/404/498
f 1498/403/499 1499/359/499 1500/404/499
f 1501/410/500 1502/423/500 1503/411/500
f 1504/411/501 1505/423/501 1506/424/501
f 1507/394/502 1508/392/502 1509/352/502
f 1510/352/503 1511/419/503 1512/425/503
f 1513/375/504 1514/398/504 1515/421/504
s 1
f 1516/376/505 1517/375/505 1518/421/505
s 0
f 1519/426/506 1520/366/506 1521/365/506
s 1
f 1522/427/507 1523/343/507 1524/345/507
s 0
f 1525/394/508 1526/428/508 1527/393/508
f 1528/407/509 1529/382/509 1530/381/509
f 1531/365/510 1532/362/510 1533/369/510
f 1534/427/511 1535/429/511 1536/343/511
f 1537/430/512 1538/421/512 1539/398/512
f 1540/346/513 1541/421/513 1542/431/513
f 1543/383/514 1544/382/514 1545/432/514
f 1546/382/515 1547/408/515 1548/415/515
f 1549/344/516 1550/350/516 1551/413/516
f 1552/433/517 1553/434/517 1554/424/517
f 1555/352/518 1556/425/518 1557/394/518
f 1558/394/519 1559/425/519 1560/364/519
f 1561/435/520 1562/377/520 1563/376/520
f 1564/436/521 1565/380/521 1566/383/521
f 1567/346/522 1568/437/522 1569/347/522
f 1570/438/523 1571/398/523 1572/347/523
f 1573/383/524 1574/432/524 1575/358/524
f 1576/358/525 1577/439/525 1578/383/525
f 1579/363/526 1580/440/526 1581/379/526
f 1582/362/527 1583/440/527 1584/363/527
f 1585/422/528 1586/345/528 1587/344/528
f 1588/434/529 1589/344/529 1590/424/529
f 1591/428/530 1592/441/530 1593/393/530
f 1594/392/531 1595/393/531 1596/441/531
f 1597/338/532 1598/442/532 1599/396/532
f 1600/360/533 1601/443/533 1602/366/533
f 1603/425/534 1604/419/534 1605/395/534
f 1606/364/535 1607/425/535 1608/395/535
f 1609/444/536 1610/443/536 1611/360/536
f 1612/379/537 1613/440/537 1614/443/537
f 1615/431/538 1616/421/538 1617/445/538
f 1618/346/539 1619/431/539 1620/437/539
f 1621/423/540 1622/433/540 1623/424/540
f 1624/420/541 1625/423/541 1626/410/541
f 1627/378/542 1628/379/542 1629/444/542
f 1630/379/543 1631/443/543 1632/444/543
f 1633/446/544 1634/447/544 1635/448/544
f 1636/446/545 1637/438/545 1638/347/545
f 1639/400/546 1640/449/546 1641/401/546
f 1642/449/547 1643/441/547 1644/428/547
f 1645/430/548 1646/398/548 1647/438/548
f 1648/446/549 1649/448/549 1650/438/549
f 1651/340/550 1652/353/550 1653/357/550
f 1654/357/551 1655/356/551 1656/340/551
f 1657/420/552 1658/433/552 1659/423/552
f 1660/420/553 1661/434/553 1662/433/553
f 1663/450/554 1664/451/554 1665/396/554
f 1666/442/555 1667/450/555 1668/396/555
f 1669/438/556 1670/448/556 1671/430/556
f 1672/448/557 1673/452/557 1674/445/557
f 1675/362/558 1676/390/558 1677/367/558
f 1678/369/559 1679/362/559 1680/367/559
f 1681/337/560 1682/415/560 1683/409/560
f 1684/337/561 1685/358/561 1686/415/561
f 1687/392/562 1688/441/562 1689/453/562
f 1690/392/563 1691/453/563 1692/374/563
f 1693/388/564 1694/377/564 1695/454/564
f 1696/387/565 1697/339/565 1698/371/565
f 1699/407/566 1700/455/566 1701/408/566
f 1702/415/567 1703/408/567 1704/416/567
f 1705/429/568 1706/427/568 1707/456/568
f 1708/361/569 1709/366/569 1710/426/569
f 1711/448/570 1712/445/570 1713/430/570
f 1714/430/571 1715/445/571 1716/421/571
f 1717/344/572 1718/413/572 1719/424/572
f 1720/413/573 1721/411/573 1722/424/573
f 1723/457/574 1724/427/574 1725/345/574
s 1
f 1726/456/575 1727/427/575 1728/457/575
s 0
f 1729/400/576 1730/378/576 1731/458/576
f 1732/455/577 1733/416/577 1734/408/577
f 1735/355/578 1736/453/578 1737/441/578
f 1738/459/579 1739/453/579 1740/355/579
f 1741/399/580 1742/375/580 1743/388/580
f 1744/375/581 1745/399/581 1746/398/581
f 1747/353/582 1748/459/582 1749/357/582
f 1750/459/583 1751/355/583 1752/357/583
f 1753/366/584 1754/443/584 1755/440/584
f 1756/366/585 1757/440/585 1758/362/585
f 1759/401/586 1760/402/586 1761/364/586
f 1762/402/587 1763/428/587 1764/394/587
f 1765/374/588 1766/459/588 1767/353/588
f 1768/459/589 1769/374/589 1770/453/589
f 1771/420/590 1772/422/590 1773/434/590
f 1774/422/591 1775/344/591 1776/434/591
f 1777/437/592 1778/447/592 1779/446/592
f 1780/347/593 1781/437/593 1782/446/593
f 1783/460/594 1784/435/594 1785/376/594
f 1786/436/595 1787/383/595 1788/439/595
f 1789/401/596 1790/428/596 1791/402/596
f 1792/449/597 1793/428/597 1794/401/597
f 1795/370/598 1796/418/598 1797/368/598
f 1798/367/599 1799/370/599 1800/368/599
f 1801/398/600 1802/397/600 1803/403/600
f 1804/396/601 1805/451/601 1806/371/601
s 1
f 1807/447/602 1808/452/602 1809/448/602
s 0
f 1810/437/603 1811/431/603 1812/447/603
f 1813/411/604 1814/414/604 1815/412/604
f 1816/461/605 1817/348/605 1818/373/605
f 1819/432/606 1820/415/606 1821/358/606
f 1822/432/607 1823/382/607 1824/415/607
f 1825/431/608 1826/452/608 1827/447/608
f 1828/452/609 1829/431/609 1830/445/609
o campfire_model:subtool14_campfire_model6_stone2_0
v -2.231161 0.676550 -2.549057
v -2.651134 0.205673 -1.494552
v -2.951145 -0.110419 -2.698579
v -2.600460 0.996972 -3.338494
v -2.243769 1.203824 -2.724360
v -2.547308 0.305589 -3.062845
v -3.990736 1.280800 -1.190202
v -3.057072 1.115747 -0.836983
v -3.611431 1.547241 -1.247870
v -3.820762 -0.017701 -1.389149
v -3.259934 -0.076955 -2.312671
v -2.896309 -0.047341 -1.393237
v -3.779819 0.574014 -2.866215
v -3.529835 -0.063490 -3.320380
v -3.820108 -0.003302 -2.612697
v -3.560013 1.226670 -3.263666
v -4.065084 1.262439 -1.460777
v -3.020648 1.612339 -2.757171
v -2.243769 1.203824 -2.724360
v -2.600460 0.996972 -3.338494
v -2.475580 1.508455 -2.486674
v -2.247430 0.736054 -2.467278
v -2.792079 0.861342 -1.542299
v -2.651134 0.205673 -1.494552
v -3.990736 1.280800 -1.190202
v -3.734987 0.633236 -0.863566
v -3.051122 1.007558 -0.789564
v -4.065084 1.262439 -1.460777
v -3.947329 0.360334 -2.399795
v -4.076681 0.097327 -2.087118
v -2.808031 0.435833 -1.128972
v -2.792079 0.861342 -1.542299
v -2.991765 1.054448 -0.889923
v -3.051122 1.007558 -0.789564
v -3.734987 0.633236 -0.863566
v -2.808031 0.435833 -1.128972
v -4.076681 0.097327 -2.087118
v -3.820762 -0.017701 -1.389149
v -3.990736 1.280800 -1.190202
v -3.259934 -0.076955 -2.312671
v -3.820762 -0.017701 -1.389149
v -4.047384 0.019005 -2.060141
v -3.089707 0.771433 -3.616655
v -3.499815 0.054447 -3.455764
v -3.547758 1.016594 -3.456885
v -3.020648 1.612339 -2.757171
v -2.600460 0.996972 -3.338494
v -3.560013 1.226670 -3.263666
v -3.820108 -0.003302 -2.612697
v -3.529835 -0.063490 -3.320380
v -2.952161 -0.149069 -3.198436
v -2.547308 0.305589 -3.062845
v -3.284702 -0.088582 -3.473216
v -3.089707 0.771433 -3.616655
v -4.065084 1.262439 -1.460777
v -3.611431 1.547241 -1.247870
v -3.020648 1.612339 -2.757171
v -3.057072 1.115747 -0.836983
v -2.888768 1.287730 -1.442352
v -3.513414 1.500947 -1.193171
v -3.611431 1.547241 -1.247870
v -2.660076 1.456963 -2.048157
v -3.022464 1.659899 -2.280013
v -2.475580 1.508455 -2.486674
v -2.600460 0.996972 -3.338494
v -2.783513 1.584453 -2.654335
v -2.466807 1.438578 -2.371792
v -2.247430 0.736054 -2.467278
v -2.243769 1.203824 -2.724360
v -2.231161 0.676550 -2.549057
v -2.547308 0.305589 -3.062845
v -2.243769 1.203824 -2.724360
v -2.547308 0.305589 -3.062845
v -2.952161 -0.149069 -3.198436
v -3.284702 -0.088582 -3.473216
v -2.547308 0.305589 -3.062845
v -2.231161 0.676550 -2.549057
v -2.951145 -0.110419 -2.698579
v -2.792079 0.861342 -1.542299
v -2.247430 0.736054 -2.467278
v -2.466807 1.438578 -2.371792
v -3.022464 1.659899 -2.280013
v -2.660076 1.456963 -2.048157
v -2.475580 1.508455 -2.486674
v -4.065084 1.262439 -1.460777
v -3.990736 1.280800 -1.190202
v -3.611431 1.547241 -1.247870
v -4.076681 0.097327 -2.087118
v -3.990736 1.280800 -1.190202
v -4.065084 1.262439 -1.460777
v -2.952161 -0.149069 -3.198436
v -3.529835 -0.063490 -3.320380
v -3.284702 -0.088582 -3.473216
v -3.336994 0.030177 -3.528217
v -3.499815 0.054447 -3.455764
v -3.089707 0.771433 -3.616655
v -2.991765 1.054448 -0.889923
v -2.792079 0.861342 -1.542299
v -2.888768 1.287730 -1.442352
v -2.660076 1.456963 -2.048157
v -2.792079 0.861342 -1.542299
v -2.466807 1.438578 -2.371792
v -2.600460 0.996972 -3.338494
v -3.089707 0.771433 -3.616655
v -3.311555 0.946217 -3.525985
v -2.600460 0.996972 -3.338494
v -2.547308 0.305589 -3.062845
v -3.089707 0.771433 -3.616655
v -3.990736 1.280800 -1.190202
v -3.735131 -0.009438 -1.206864
v -3.734987 0.633236 -0.863566
v -2.754856 0.131491 -1.314199
v -3.734987 0.633236 -0.863566
v -3.735131 -0.009438 -1.206864
v -2.792079 0.861342 -1.542299
v -2.808031 0.435833 -1.128972
v -2.651134 0.205673 -1.494552
v -2.808031 0.435833 -1.128972
v -3.734987 0.633236 -0.863566
v -2.754856 0.131491 -1.314199
v -3.614249 0.700672 -3.383292
v -4.065084 1.262439 -1.460777
v -3.560013 1.226670 -3.263666
v -2.600460 0.996972 -3.338494
v -3.311555 0.946217 -3.525985
v -3.560013 1.226670 -3.263666
v -2.754856 0.131491 -1.314199
v -3.735131 -0.009438 -1.206864
v -2.896309 -0.047341 -1.393237
v -2.951145 -0.110419 -2.698579
v -2.651134 0.205673 -1.494552
v -2.896309 -0.047341 -1.393237
v -3.499815 0.054447 -3.455764
v -3.779819 0.574014 -2.866215
v -3.614249 0.700672 -3.383292
v -4.065084 1.262439 -1.460777
v -3.614249 0.700672 -3.383292
v -3.779819 0.574014 -2.866215
v -3.547758 1.016594 -3.456885
v -3.499815 0.054447 -3.455764
v -3.614249 0.700672 -3.383292
v -3.614249 0.700672 -3.383292
v -3.560013 1.226670 -3.263666
v -3.547758 1.016594 -3.456885
v -2.651134 0.205673 -1.494552
v -2.754856 0.131491 -1.314199
v -2.896309 -0.047341 -1.393237
v -2.808031 0.435833 -1.128972
v -2.754856 0.131491 -1.314199
v -2.651134 0.205673 -1.494552
v -2.967856 1.659767 -2.581537
v -3.611431 1.547241 -1.247870
v -3.022464 1.659899 -2.280013
v -2.783513 1.584453 -2.654335
v -2.600460 0.996972 -3.338494
v -3.020648 1.612339 -2.757171
v -2.952161 -0.149069 -3.198436
v -2.547308 0.305589 -3.062845
v -2.951145 -0.110419 -2.698579
v -2.952161 -0.149069 -3.198436
v -3.259934 -0.076955 -2.312671
v -3.820108 -0.003302 -2.612697
v -2.475580 1.508455 -2.486674
v -2.820732 1.644159 -2.535222
v -3.022464 1.659899 -2.280013
v -3.022464 1.659899 -2.280013
v -2.820732 1.644159 -2.535222
v -2.967856 1.659767 -2.581537
v -3.820108 -0.003302 -2.612697
v -4.035131 0.107446 -2.232894
v -3.947329 0.360334 -2.399795
v -3.259934 -0.076955 -2.312671
v -4.047384 0.019005 -2.060141
v -3.820108 -0.003302 -2.612697
v -3.513414 1.500947 -1.193171
v -2.888768 1.287730 -1.442352
v -2.660076 1.456963 -2.048157
v -2.660076 1.456963 -2.048157
v -2.888768 1.287730 -1.442352
v -2.792079 0.861342 -1.542299
v -2.475580 1.508455 -2.486674
v -2.466807 1.438578 -2.371792
v -2.243769 1.203824 -2.724360
v -2.660076 1.456963 -2.048157
v -2.466807 1.438578 -2.371792
v -2.475580 1.508455 -2.486674
v -4.047384 0.019005 -2.060141
v -3.820762 -0.017701 -1.389149
v -4.076681 0.097327 -2.087118
v -4.035131 0.107446 -2.232894
v -3.820108 -0.003302 -2.612697
v -4.047384 0.019005 -2.060141
v -3.336994 0.030177 -3.528217
v -3.432049 -0.060757 -3.442469
v -3.499815 0.054447 -3.455764
v -3.499815 0.054447 -3.455764
v -3.529835 -0.063490 -3.320380
v -3.779819 0.574014 -2.866215
v -3.057072 1.115747 -0.836983
v -2.991765 1.054448 -0.889923
v -2.888768 1.287730 -1.442352
v -3.990736 1.280800 -1.190202
v -3.051122 1.007558 -0.789564
v -3.057072 1.115747 -0.836983
v -3.560013 1.226670 -3.263666
v -3.311555 0.946217 -3.525985
v -3.547758 1.016594 -3.456885
v -3.089707 0.771433 -3.616655
v -3.547758 1.016594 -3.456885
v -3.311555 0.946217 -3.525985
v -4.076681 0.097327 -2.087118
v -4.035131 0.107446 -2.232894
v -4.047384 0.019005 -2.060141
v -4.076681 0.097327 -2.087118
v -3.947329 0.360334 -2.399795
v -4.035131 0.107446 -2.232894
v -3.284702 -0.088582 -3.473216
v -3.432049 -0.060757 -3.442469
v -3.336994 0.030177 -3.528217
v -3.284702 -0.088582 -3.473216
v -3.336994 0.030177 -3.528217
v -3.089707 0.771433 -3.616655
v -3.611431 1.547241 -1.247870
v -2.967856 1.659767 -2.581537
v -3.020648 1.612339 -2.757171
v -3.020648 1.612339 -2.757171
v -2.967856 1.659767 -2.581537
v -2.820732 1.644159 -2.535222
v -2.991765 1.054448 -0.889923
v -3.057072 1.115747 -0.836983
v -3.051122 1.007558 -0.789564
v -2.991765 1.054448 -0.889923
v -3.051122 1.007558 -0.789564
v -2.808031 0.435833 -1.128972
v -3.529835 -0.063490 -3.320380
v -3.432049 -0.060757 -3.442469
v -3.284702 -0.088582 -3.473216
v -3.499815 0.054447 -3.455764
v -3.432049 -0.060757 -3.442469
v -3.529835 -0.063490 -3.320380
v -2.243769 1.203824 -2.724360
v -2.247430 0.736054 -2.467278
v -2.231161 0.676550 -2.549057
v -2.651134 0.205673 -1.494552
v -2.231161 0.676550 -2.549057
v -2.247430 0.736054 -2.467278
v -2.896309 -0.047341 -1.393237
v -3.735131 -0.009438 -1.206864
v -3.820762 -0.017701 -1.389149
v -3.820762 -0.017701 -1.389149
v -3.735131 -0.009438 -1.206864
v -3.990736 1.280800 -1.190202
v -3.611431 1.547241 -1.247870
v -3.057072 1.115747 -0.836983
v -3.513414 1.500947 -1.193171
v -3.513414 1.500947 -1.193171
v -2.660076 1.456963 -2.048157
v -3.611431 1.547241 -1.247870
v -2.951145 -0.110419 -2.698579
v -2.896309 -0.047341 -1.393237
v -3.259934 -0.076955 -2.312671
v -2.951145 -0.110419 -2.698579
v -3.259934 -0.076955 -2.312671
v -2.952161 -0.149069 -3.198436
v -2.783513 1.584453 -2.654335
v -3.020648 1.612339 -2.757171
v -2.820732 1.644159 -2.535222
v -2.783513 1.584453 -2.654335
v -2.820732 1.644159 -2.535222
v -2.475580 1.508455 -2.486674
v -4.065084 1.262439 -1.460777
v -3.779819 0.574014 -2.866215
v -3.947329 0.360334 -2.399795
v -3.779819 0.574014 -2.866215
v -3.820108 -0.003302 -2.612697
v -3.947329 0.360334 -2.399795
v -4.058634 0.733348 -0.083743
v -3.880951 1.523521 0.398190
v -4.002875 0.997735 -0.319069
v -2.746202 1.795465 2.263719
v -2.137043 0.675738 1.597256
v -2.302807 1.797966 0.435662
v -3.880951 1.523521 0.398190
v -3.420216 1.784812 -0.144268
v -4.002875 0.997735 -0.319069
v -2.967897 0.156086 -0.384687
v -2.971323 0.498393 -0.781089
v -2.779398 1.265013 -0.726441
v -3.099555 0.623210 2.343939
v -2.350008 0.839557 2.195951
v -2.770865 1.743026 2.299942
v -3.089918 -0.004382 1.328132
v -3.024691 0.073821 -0.323663
v -2.744867 0.018795 0.436952
v -3.140007 2.164991 1.761018
v -3.321845 2.395902 0.756284
v -3.725421 2.237548 1.282937
v -3.791389 1.957958 1.979068
v -3.204321 0.974915 2.356019
v -3.451241 1.903059 2.304193
v -3.701092 1.789457 0.437554
v -3.386115 2.369513 0.756415
v -3.420216 1.784812 -0.144268
v -2.515326 0.085089 0.993987
v -2.543797 1.429517 -0.163418
v -2.282036 1.712726 0.371614
v -2.678295 2.380875 0.983240
v -2.746202 1.795465 2.263719
v -2.302807 1.797966 0.435662
v -2.951713 1.312080 -0.868840
v -2.412474 1.988366 0.570138
v -2.302807 1.797966 0.435662
v -2.515326 0.085089 0.993987
v -2.282036 1.712726 0.371614
v -2.137043 0.675738 1.597256
v -2.263890 0.429666 1.466529
v -3.343360 0.050831 1.712763
v -2.931411 0.014606 1.247002
v -2.263890 0.429666 1.466529
v -3.315205 0.217213 2.016571
v -3.343360 0.050831 1.712763
v -3.204321 0.974915 2.356019
v -3.791389 1.957958 1.979068
v -4.060740 0.826687 1.350069
v -3.876284 0.219832 -0.739242
v -3.834674 0.161432 0.879824
v -4.078296 0.718450 -0.730664
v -2.891557 0.838715 -0.843189
v -4.056617 0.655486 -0.814090
v -2.866782 1.228012 -0.874312
v -3.368686 1.787967 -0.175804
v -3.321845 2.395902 0.756284
v -2.951713 1.312080 -0.868840
v -4.056617 0.655486 -0.814090
v -3.507967 1.276704 -0.872484
v -2.866782 1.228012 -0.874312
v -3.789684 2.026046 1.959956
v -3.140007 2.164991 1.761018
v -3.725421 2.237548 1.282937
v -3.931938 1.354814 1.044493
v -4.060740 0.826687 1.350069
v -3.789684 2.026046 1.959956
v -3.725421 2.237548 1.282937
v -3.840047 1.708629 0.631859
v -3.789684 2.026046 1.959956
v -3.386115 2.369513 0.756415
v -3.714997 1.964788 0.733110
v -3.684960 2.264256 1.071144
v -3.030613 0.332080 -0.757403
v -3.876284 0.219832 -0.739242
v -4.056617 0.655486 -0.814090
v -3.337356 0.016165 1.614202
v -3.876284 0.219832 -0.739242
v -3.207132 0.110741 -0.699802
v -3.030613 0.332080 -0.757403
v -3.207132 0.110741 -0.699802
v -3.876284 0.219832 -0.739242
v -3.052378 0.187678 -0.662532
v -2.971323 0.498393 -0.781089
v -2.967897 0.156086 -0.384687
v -2.967897 0.156086 -0.384687
v -2.543797 1.429517 -0.163418
v -2.515326 0.085089 0.993987
v -2.740189 -0.013225 0.999250
v -3.089918 -0.004382 1.328132
v -2.744867 0.018795 0.436952
v -3.789684 2.026046 1.959956
v -3.451241 1.903059 2.304193
v -2.841675 2.031605 2.195736
v -3.099555 0.623210 2.343939
v -2.770865 1.743026 2.299942
v -3.252780 1.521535 2.395386
v -2.841675 2.031605 2.195736
v -2.746202 1.795465 2.263719
v -2.678295 2.380875 0.983240
v -3.252780 1.521535 2.395386
v -2.770865 1.743026 2.299942
v -2.857043 1.959618 2.287193
v -3.817747 1.584705 0.547416
v -3.701092 1.789457 0.437554
v -3.420216 1.784812 -0.144268
v -3.931938 1.354814 1.044493
v -3.789684 2.026046 1.959956
v -3.840047 1.708629 0.631859
v -3.817747 1.584705 0.547416
v -3.420216 1.784812 -0.144268
v -3.880951 1.523521 0.398190
v -4.058634 0.733348 -0.083743
v -3.931938 1.354814 1.044493
v -3.880951 1.523521 0.398190
v -3.834674 0.161432 0.879824
v -3.876284 0.219832 -0.739242
v -3.337356 0.016165 1.614202
v -3.976561 0.445494 1.100252
v -3.343360 0.050831 1.712763
v -3.315205 0.217213 2.016571
v -3.321845 2.395902 0.756284
v -3.140007 2.164991 1.761018
v -2.804585 2.396154 0.910872
v -2.804585 2.396154 0.910872
v -2.951713 1.312080 -0.868840
v -3.321845 2.395902 0.756284
v -3.834674 0.161432 0.879824
v -4.030387 0.647849 0.733835
v -4.078296 0.718450 -0.730664
v -3.834674 0.161432 0.879824
v -3.343360 0.050831 1.712763
v -3.976561 0.445494 1.100252
v -3.321845 2.395902 0.756284
v -3.368686 1.787967 -0.175804
v -3.386115 2.369513 0.756415
v -3.684960 2.264256 1.071144
v -3.321845 2.395902 0.756284
v -3.386115 2.369513 0.756415
v -4.030387 0.647849 0.733835
v -3.834674 0.161432 0.879824
v -3.976561 0.445494 1.100252
v -4.058634 0.733348 -0.083743
v -4.060740 0.826687 1.350069
v -3.931938 1.354814 1.044493
v -3.204321 0.974915 2.356019
v -4.009355 0.652648 1.359211
v -3.315205 0.217213 2.016571
v -2.263890 0.429666 1.466529
v -3.127018 0.441621 2.280964
v -3.315205 0.217213 2.016571
v -2.951713 1.312080 -0.868840
v -2.302807 1.797966 0.435662
v -2.515198 1.543773 -0.099837
v -2.891557 0.838715 -0.843189
v -2.866782 1.228012 -0.874312
v -2.779398 1.265013 -0.726441
v -3.976561 0.445494 1.100252
v -4.060740 0.826687 1.350069
v -4.030387 0.647849 0.733835
v -3.204321 0.974915 2.356019
v -4.060740 0.826687 1.350069
v -4.009355 0.652648 1.359211
v -3.325512 1.892767 2.359791
v -3.252780 1.521535 2.395386
v -2.857043 1.959618 2.287193
v -3.204321 0.974915 2.356019
v -3.252780 1.521535 2.395386
v -3.451241 1.903059 2.304193
v -3.463924 1.345138 -0.860150
v -4.002875 0.997735 -0.319069
v -3.420216 1.784812 -0.144268
v -3.368686 1.787967 -0.175804
v -2.951713 1.312080 -0.868840
v -3.463924 1.345138 -0.860150
v -2.137043 0.675738 1.597256
v -2.746202 1.795465 2.263719
v -2.350008 0.839557 2.195951
v -2.164397 0.589838 1.667454
v -2.291307 0.772163 2.109604
v -3.127018 0.441621 2.280964
v -2.515326 0.085089 0.993987
v -2.137043 0.675738 1.597256
v -2.171463 0.557022 1.586121
v -2.164397 0.589838 1.667454
v -2.137043 0.675738 1.597256
v -2.291307 0.772163 2.109604
v -3.368686 1.787967 -0.175804
v -3.463924 1.345138 -0.860150
v -3.420216 1.784812 -0.144268
v -3.368686 1.787967 -0.175804
v -3.420216 1.784812 -0.144268
v -3.386115 2.369513 0.756415
v -3.976561 0.445494 1.100252
v -4.009355 0.652648 1.359211
v -4.060740 0.826687 1.350069
v -3.976561 0.445494 1.100252
v -3.315205 0.217213 2.016571
v -4.009355 0.652648 1.359211
v -3.140007 2.164991 1.761018
v -2.841675 2.031605 2.195736
v -2.678295 2.380875 0.983240
v -3.789684 2.026046 1.959956
v -2.841675 2.031605 2.195736
v -3.140007 2.164991 1.761018
v -2.971323 0.498393 -0.781089
v -2.891557 0.838715 -0.843189
v -2.779398 1.265013 -0.726441
v -3.030613 0.332080 -0.757403
v -4.056617 0.655486 -0.814090
v -2.891557 0.838715 -0.843189
v -2.263890 0.429666 1.466529
v -2.515326 0.085089 0.993987
v -2.171463 0.557022 1.586121
v -2.263890 0.429666 1.466529
v -2.164397 0.589838 1.667454
v -3.127018 0.441621 2.280964
v -3.876284 0.219832 -0.739242
v -4.078296 0.718450 -0.730664
v -4.056617 0.655486 -0.814090
v -4.078296 0.718450 -0.730664
v -3.998247 0.783156 -0.816861
v -4.056617 0.655486 -0.814090
v -2.857043 1.959618 2.287193
v -2.746202 1.795465 2.263719
v -2.841675 2.031605 2.195736
v -3.325512 1.892767 2.359791
v -2.857043 1.959618 2.287193
v -2.841675 2.031605 2.195736
v -3.725421 2.237548 1.282937
v -3.321845 2.395902 0.756284
v -3.684960 2.264256 1.071144
v -3.725421 2.237548 1.282937
v -3.684960 2.264256 1.071144
v -3.786695 1.959817 0.939606
v -2.515326 0.085089 0.993987
v -2.263890 0.429666 1.466529
v -2.931411 0.014606 1.247002
v -2.515326 0.085089 0.993987
v -2.740189 -0.013225 0.999250
v -2.744867 0.018795 0.436952
v -4.058634 0.733348 -0.083743
v -4.002875 0.997735 -0.319069
v -4.078296 0.718450 -0.730664
v -4.078296 0.718450 -0.730664
v -4.002875 0.997735 -0.319069
v -3.463924 1.345138 -0.860150
v -3.451241 1.903059 2.304193
v -3.325512 1.892767 2.359791
v -2.841675 2.031605 2.195736
v -3.451241 1.903059 2.304193
v -3.252780 1.521535 2.395386
v -3.325512 1.892767 2.359791
v -2.744867 0.018795 0.436952
v -2.967897 0.156086 -0.384687
v -2.515326 0.085089 0.993987
v -3.024691 0.073821 -0.323663
v -2.967897 0.156086 -0.384687
v -2.744867 0.018795 0.436952
v -3.789684 2.026046 1.959956
v -3.791389 1.957958 1.979068
v -3.451241 1.903059 2.304193
v -4.060740 0.826687 1.350069
v -3.791389 1.957958 1.979068
v -3.789684 2.026046 1.959956
v -3.507967 1.276704 -0.872484
v -4.056617 0.655486 -0.814090
v -3.998247 0.783156 -0.816861
v -4.078296 0.718450 -0.730664
v -3.463924 1.345138 -0.860150
v -3.998247 0.783156 -0.816861
v -3.052378 0.187678 -0.662532
v -2.967897 0.156086 -0.384687
v -3.024691 0.073821 -0.323663
v -3.030613 0.332080 -0.757403
v -3.052378 0.187678 -0.662532
v -3.207132 0.110741 -0.699802
v -3.507967 1.276704 -0.872484
v -3.463924 1.345138 -0.860150
v -2.951713 1.312080 -0.868840
v -3.998247 0.783156 -0.816861
v -3.463924 1.345138 -0.860150
v -3.507967 1.276704 -0.872484
v -2.857043 1.959618 2.287193
v -2.770865 1.743026 2.299942
v -2.746202 1.795465 2.263719
v -2.770865 1.743026 2.299942
v -2.350008 0.839557 2.195951
v -2.746202 1.795465 2.263719
v -3.817747 1.584705 0.547416
v -3.931938 1.354814 1.044493
v -3.840047 1.708629 0.631859
v -3.880951 1.523521 0.398190
v -3.931938 1.354814 1.044493
v -3.817747 1.584705 0.547416
v -3.052378 0.187678 -0.662532
v -3.024691 0.073821 -0.323663
v -3.207132 0.110741 -0.699802
v -3.207132 0.110741 -0.699802
v -3.024691 0.073821 -0.323663
v -3.089918 -0.004382 1.328132
v -2.951713 1.312080 -0.868840
v -2.866782 1.228012 -0.874312
v -3.507967 1.276704 -0.872484
v -2.866782 1.228012 -0.874312
v -2.951713 1.312080 -0.868840
v -2.515198 1.543773 -0.099837
v -2.137043 0.675738 1.597256
v -2.350008 0.839557 2.195951
v -2.291307 0.772163 2.109604
v -2.350008 0.839557 2.195951
v -3.127018 0.441621 2.280964
v -2.291307 0.772163 2.109604
v -3.343360 0.050831 1.712763
v -3.834674 0.161432 0.879824
v -3.337356 0.016165 1.614202
v -2.931411 0.014606 1.247002
v -3.343360 0.050831 1.712763
v -3.089918 -0.004382 1.328132
v -3.786695 1.959817 0.939606
v -3.684960 2.264256 1.071144
v -3.714997 1.964788 0.733110
v -3.840047 1.708629 0.631859
v -3.701092 1.789457 0.437554
v -3.817747 1.584705 0.547416
v -2.967897 0.156086 -0.384687
v -2.779398 1.265013 -0.726441
v -2.543797 1.429517 -0.163418
v -2.866782 1.228012 -0.874312
v -2.515198 1.543773 -0.099837
v -2.779398 1.265013 -0.726441
v -3.089918 -0.004382 1.328132
v -3.337356 0.016165 1.614202
v -3.207132 0.110741 -0.699802
v -3.343360 0.050831 1.712763
v -3.337356 0.016165 1.614202
v -3.089918 -0.004382 1.328132
v -2.779398 1.265013 -0.726441
v -2.515198 1.543773 -0.099837
v -2.543797 1.429517 -0.163418
v -2.543797 1.429517 -0.163418
v -2.515198 1.543773 -0.099837
v -2.282036 1.712726 0.371614
v -3.099555 0.623210 2.343939
v -3.127018 0.441621 2.280964
v -2.350008 0.839557 2.195951
v -3.204321 0.974915 2.356019
v -3.315205 0.217213 2.016571
v -3.127018 0.441621 2.280964
v -2.515198 1.543773 -0.099837
v -2.302807 1.797966 0.435662
v -2.282036 1.712726 0.371614
v -2.302807 1.797966 0.435662
v -2.137043 0.675738 1.597256
v -2.282036 1.712726 0.371614
v -3.030613 0.332080 -0.757403
v -2.891557 0.838715 -0.843189
v -2.971323 0.498393 -0.781089
v -3.030613 0.332080 -0.757403
v -2.971323 0.498393 -0.781089
v -3.052378 0.187678 -0.662532
v -3.786695 1.959817 0.939606
v -3.714997 1.964788 0.733110
v -3.840047 1.708629 0.631859
v -3.840047 1.708629 0.631859
v -3.725421 2.237548 1.282937
v -3.786695 1.959817 0.939606
v -3.204321 0.974915 2.356019
v -3.099555 0.623210 2.343939
v -3.252780 1.521535 2.395386
v -3.127018 0.441621 2.280964
v -3.099555 0.623210 2.343939
v -3.204321 0.974915 2.356019
v -2.678295 2.380875 0.983240
v -2.302807 1.797966 0.435662
v -2.412474 1.988366 0.570138
v -2.412474 1.988366 0.570138
v -2.951713 1.312080 -0.868840
v -2.804585 2.396154 0.910872
v -2.931411 0.014606 1.247002
v -3.089918 -0.004382 1.328132
v -2.740189 -0.013225 0.999250
v -2.515326 0.085089 0.993987
v -2.931411 0.014606 1.247002
v -2.740189 -0.013225 0.999250
v -4.078296 0.718450 -0.730664
v -4.030387 0.647849 0.733835
v -4.058634 0.733348 -0.083743
v -4.030387 0.647849 0.733835
v -4.060740 0.826687 1.350069
v -4.058634 0.733348 -0.083743
v -2.171463 0.557022 1.586121
v -2.137043 0.675738 1.597256
v -2.164397 0.589838 1.667454
v -2.171463 0.557022 1.586121
v -2.164397 0.589838 1.667454
v -2.263890 0.429666 1.466529
v -2.678295 2.380875 0.983240
v -2.412474 1.988366 0.570138
v -2.804585 2.396154 0.910872
v -3.140007 2.164991 1.761018
v -2.678295 2.380875 0.983240
v -2.804585 2.396154 0.910872
v -3.701092 1.789457 0.437554
v -3.714997 1.964788 0.733110
v -3.386115 2.369513 0.756415
v -3.701092 1.789457 0.437554
v -3.840047 1.708629 0.631859
v -3.714997 1.964788 0.733110
v -2.596225 1.846430 2.634445
v -3.011312 1.321921 3.064547
v -2.511260 1.384148 3.613976
v -2.142010 -0.076525 3.296497
v -1.033664 0.070879 4.278631
v -1.549104 0.494539 4.397926
v -1.956664 1.413676 2.563425
v -3.004450 0.196850 2.174346
v -2.594928 1.759317 2.523615
v -0.816155 1.420683 3.511044
v -0.626327 0.989889 3.090916
v -1.937369 1.681689 2.942935
v -0.431860 0.320756 3.275741
v -1.073339 -0.002035 4.178722
v -2.142010 -0.076525 3.296497
v -1.033664 0.070879 4.278631
v -0.736499 0.140904 4.170805
v -1.207381 1.290227 4.241533
v -2.411223 1.749688 2.995452
v -2.596225 1.846430 2.634445
v -2.511260 1.384148 3.613976
v -1.207381 1.290227 4.241533
v -1.549104 0.494539 4.397926
v -1.033664 0.070879 4.278631
v -0.770334 1.360631 3.819664
v -0.395228 0.305154 3.387998
v -0.530787 0.783148 3.116000
v -0.431860 0.320756 3.275741
v -2.433563 0.018657 2.466231
v -1.415702 1.021140 2.634545
v -3.042265 1.395468 2.873515
v -2.693859 1.789284 2.591535
v -3.004450 0.196850 2.174346
v -3.011312 1.321921 3.064547
v -3.277775 0.068620 2.825951
v -2.685860 0.425397 3.494658
v -2.433563 0.018657 2.466231
v -0.431860 0.320756 3.275741
v -2.531338 -0.115612 3.029221
v -3.004450 0.196850 2.174346
v -3.178523 0.107049 2.356922
v -3.042265 1.395468 2.873515
v -0.820999 1.293080 4.091595
v -0.550529 0.244825 4.074512
v -0.770334 1.360631 3.819664
v -0.816155 1.420683 3.511044
v -2.433707 1.833784 2.782451
v -2.411223 1.749688 2.995452
v -1.549104 0.494539 4.397926
v -1.378691 1.255992 4.280050
v -2.030880 1.290446 4.064045
v -2.511260 1.384148 3.613976
v -3.011312 1.321921 3.064547
v -2.685860 0.425397 3.494658
v -0.395228 0.305154 3.387998
v -1.073339 -0.002035 4.178722
v -0.431860 0.320756 3.275741
v -0.395228 0.305154 3.387998
v -0.431860 0.320756 3.275741
v -0.530787 0.783148 3.116000
v -3.275236 0.031712 2.782367
v -2.531338 -0.115612 3.029221
v -2.685860 0.425397 3.494658
v -3.178523 0.107049 2.356922
v -2.913422 0.109350 2.228892
v -2.531338 -0.115612 3.029221
v -1.415702 1.021140 2.634545
v -0.779389 0.951384 2.941278
v -0.431860 0.320756 3.275741
v -1.937369 1.681689 2.942935
v -0.626327 0.989889 3.090916
v -1.304786 1.099334 2.696132
v -1.549104 0.494539 4.397926
v -2.157094 0.645242 4.118711
v -2.142010 -0.076525 3.296497
v -2.157094 0.645242 4.118711
v -1.549104 0.494539 4.397926
v -2.030880 1.290446 4.064045
v -2.596225 1.846430 2.634445
v -1.956664 1.413676 2.563425
v -2.594928 1.759317 2.523615
v -2.693859 1.789284 2.591535
v -3.011312 1.321921 3.064547
v -2.596225 1.846430 2.634445
v -1.073339 -0.002035 4.178722
v -1.033664 0.070879 4.278631
v -2.142010 -0.076525 3.296497
v -0.736499 0.140904 4.170805
v -1.033664 0.070879 4.278631
v -1.073339 -0.002035 4.178722
v -2.693859 1.789284 2.591535
v -2.594928 1.759317 2.523615
v -3.004450 0.196850 2.174346
v -2.594928 1.759317 2.523615
v -2.693859 1.789284 2.591535
v -2.596225 1.846430 2.634445
v -3.011312 1.321921 3.064547
v -3.142067 1.169646 2.915982
v -3.277775 0.068620 2.825951
v -3.011312 1.321921 3.064547
v -2.693859 1.789284 2.591535
v -3.042265 1.395468 2.873515
v -0.770334 1.360631 3.819664
v -2.411223 1.749688 2.995452
v -0.820999 1.293080 4.091595
v -1.207381 1.290227 4.241533
v -0.736499 0.140904 4.170805
v -0.820999 1.293080 4.091595
v -2.036831 1.479365 3.682567
v -2.411223 1.749688 2.995452
v -2.306616 1.325002 3.888351
v -0.820999 1.293080 4.091595
v -2.411223 1.749688 2.995452
v -1.207381 1.290227 4.241533
v -2.278241 0.509796 2.365516
v -1.415702 1.021140 2.634545
v -2.433563 0.018657 2.466231
v -2.913422 0.109350 2.228892
v -2.433563 0.018657 2.466231
v -2.531338 -0.115612 3.029221
v -3.311126 0.083404 2.599764
v -3.333150 0.115605 2.717065
v -3.142067 1.169646 2.915982
v -3.275236 0.031712 2.782367
v -3.311126 0.083404 2.599764
v -2.531338 -0.115612 3.029221
v -2.411223 1.749688 2.995452
v -0.770334 1.360631 3.819664
v -0.816155 1.420683 3.511044
v -0.770334 1.360631 3.819664
v -0.530787 0.783148 3.116000
v -0.731722 1.318470 3.441849
v -0.530787 0.783148 3.116000
v -0.626327 0.989889 3.090916
v -0.731722 1.318470 3.441849
v -0.530787 0.783148 3.116000
v -0.431860 0.320756 3.275741
v -0.779389 0.951384 2.941278
v -2.157094 0.645242 4.118711
v -2.685860 0.425397 3.494658
v -2.142010 -0.076525 3.296497
v -2.157094 0.645242 4.118711
v -2.511260 1.384148 3.613976
v -2.685860 0.425397 3.494658
v -0.626327 0.989889 3.090916
v -0.779389 0.951384 2.941278
v -1.304786 1.099334 2.696132
v -0.626327 0.989889 3.090916
v -0.530787 0.783148 3.116000
v -0.779389 0.951384 2.941278
v -2.005649 1.369038 4.026756
v -1.378691 1.255992 4.280050
v -1.824454 1.486828 3.717110
v -1.207381 1.290227 4.241533
v -2.411223 1.749688 2.995452
v -1.824454 1.486828 3.717110
v -3.178523 0.107049 2.356922
v -3.142067 1.169646 2.915982
v -3.042265 1.395468 2.873515
v -3.042265 1.395468 2.873515
v -3.142067 1.169646 2.915982
v -3.011312 1.321921 3.064547
v -1.378691 1.255992 4.280050
v -1.549104 0.494539 4.397926
v -1.207381 1.290227 4.241533
v -1.378691 1.255992 4.280050
v -1.207381 1.290227 4.241533
v -1.824454 1.486828 3.717110
v -0.779389 0.951384 2.941278
v -1.415702 1.021140 2.634545
v -1.304786 1.099334 2.696132
v -2.278241 0.509796 2.365516
v -1.841131 1.353203 2.597264
v -1.415702 1.021140 2.634545
v -3.178523 0.107049 2.356922
v -3.004450 0.196850 2.174346
v -2.913422 0.109350 2.228892
v -1.956664 1.413676 2.563425
v -2.278241 0.509796 2.365516
v -3.004450 0.196850 2.174346
v -2.180818 1.336032 3.924726
v -2.036831 1.479365 3.682567
v -2.306616 1.325002 3.888351
v -2.306616 1.325002 3.888351
v -2.157094 0.645242 4.118711
v -2.100680 1.238754 4.035251
v -0.395228 0.305154 3.387998
v -0.736499 0.140904 4.170805
v -1.073339 -0.002035 4.178722
v -0.550529 0.244825 4.074512
v -0.395228 0.305154 3.387998
v -0.770334 1.360631 3.819664
v -2.278241 0.509796 2.365516
v -2.433563 0.018657 2.466231
v -2.914376 0.167321 2.183842
v -2.914376 0.167321 2.183842
v -3.004450 0.196850 2.174346
v -2.278241 0.509796 2.365516
v -2.306616 1.325002 3.888351
v -2.511260 1.384148 3.613976
v -2.157094 0.645242 4.118711
v -2.511260 1.384148 3.613976
v -2.306616 1.325002 3.888351
v -2.411223 1.749688 2.995452
v -2.531338 -0.115612 3.029221
v -3.311126 0.083404 2.599764
v -3.178523 0.107049 2.356922
v -3.178523 0.107049 2.356922
v -3.311126 0.083404 2.599764
v -3.142067 1.169646 2.915982
v -0.550529 0.244825 4.074512
v -0.736499 0.140904 4.170805
v -0.395228 0.305154 3.387998
v -0.550529 0.244825 4.074512
v -0.820999 1.293080 4.091595
v -0.736499 0.140904 4.170805
v -2.411223 1.749688 2.995452
v -2.433707 1.833784 2.782451
v -2.596225 1.846430 2.634445
v -2.433707 1.833784 2.782451
v -0.816155 1.420683 3.511044
v -1.937369 1.681689 2.942935
v -2.100680 1.238754 4.035251
v -2.180818 1.336032 3.924726
v -2.306616 1.325002 3.888351
v -2.030880 1.290446 4.064045
v -1.378691 1.255992 4.280050
v -2.005649 1.369038 4.026756
v -2.913422 0.109350 2.228892
v -2.914376 0.167321 2.183842
v -2.433563 0.018657 2.466231
v -3.004450 0.196850 2.174346
v -2.914376 0.167321 2.183842
v -2.913422 0.109350 2.228892
v -2.433707 1.833784 2.782451
v -1.937369 1.681689 2.942935
v -2.596225 1.846430 2.634445
v -1.937369 1.681689 2.942935
v -1.956664 1.413676 2.563425
v -2.596225 1.846430 2.634445
v -2.030880 1.290446 4.064045
v -2.005649 1.369038 4.026756
v -2.180818 1.336032 3.924726
v -2.180818 1.336032 3.924726
v -2.005649 1.369038 4.026756
v -2.016906 1.473386 3.796317
v -2.685860 0.425397 3.494658
v -2.531338 -0.115612 3.029221
v -2.142010 -0.076525 3.296497
v -2.531338 -0.115612 3.029221
v -0.431860 0.320756 3.275741
v -2.142010 -0.076525 3.296497
v -1.841131 1.353203 2.597264
v -1.937369 1.681689 2.942935
v -1.304786 1.099334 2.696132
v -1.415702 1.021140 2.634545
v -1.841131 1.353203 2.597264
v -1.304786 1.099334 2.696132
v -2.005649 1.369038 4.026756
v -1.824454 1.486828 3.717110
v -2.016906 1.473386 3.796317
v -2.180818 1.336032 3.924726
v -2.016906 1.473386 3.796317
v -2.036831 1.479365 3.682567
v -2.278241 0.509796 2.365516
v -1.956664 1.413676 2.563425
v -1.841131 1.353203 2.597264
v -1.937369 1.681689 2.942935
v -1.841131 1.353203 2.597264
v -1.956664 1.413676 2.563425
v -3.142067 1.169646 2.915982
v -3.333150 0.115605 2.717065
v -3.277775 0.068620 2.825951
v -3.333150 0.115605 2.717065
v -3.311126 0.083404 2.599764
v -3.275236 0.031712 2.782367
v -2.411223 1.749688 2.995452
v -2.036831 1.479365 3.682567
v -1.824454 1.486828 3.717110
v -2.036831 1.479365 3.682567
v -2.016906 1.473386 3.796317
v -1.824454 1.486828 3.717110
v -2.100680 1.238754 4.035251
v -2.030880 1.290446 4.064045
v -2.180818 1.336032 3.924726
v -2.030880 1.290446 4.064045
v -2.100680 1.238754 4.035251
v -2.157094 0.645242 4.118711
v -3.333150 0.115605 2.717065
v -3.275236 0.031712 2.782367
v -3.277775 0.068620 2.825951
v -2.685860 0.425397 3.494658
v -3.277775 0.068620 2.825951
v -3.275236 0.031712 2.782367
v -0.731722 1.318470 3.441849
v -0.626327 0.989889 3.090916
v -0.816155 1.420683 3.511044
v -0.816155 1.420683 3.511044
v -0.770334 1.360631 3.819664
v -0.731722 1.318470 3.441849
v 1.594791 0.369270 3.169293
v 0.750575 0.095341 4.366754
v 1.208256 0.065951 3.291665
v -0.257294 0.204120 3.758687
v -0.485905 0.229983 3.083047
v 0.941875 0.047963 3.797145
v -0.329210 0.888583 4.315905
v 1.085426 0.431755 4.408882
v 0.870973 1.180571 4.372352
v -0.405104 0.839616 2.998895
v -0.492230 1.244576 3.745567
v -0.406088 1.394438 3.807734
v 1.594807 0.658270 3.762987
v 1.344237 0.554692 4.129838
v 1.594791 0.369270 3.169293
v 1.327324 0.953293 2.946380
v -0.039350 1.177808 3.169625
v 1.042591 1.479856 3.552102
v 0.315655 0.777032 2.773179
v -0.039350 1.177808 3.169625
v 1.327324 0.953293 2.946380
v -0.405104 0.839616 2.998895
v -0.602693 0.363687 3.092999
v -0.492230 1.244576 3.745567
v -0.245964 1.210727 4.330345
v 0.909678 1.191071 4.339164
v -0.406088 1.394438 3.807734
v 1.042591 1.479856 3.552102
v -0.039350 1.177808 3.169625
v 0.087204 1.465492 3.510407
v 1.085426 0.431755 4.408882
v 1.160394 1.332111 4.090927
v 0.909678 1.191071 4.339164
v 0.440108 1.315332 4.082155
v 1.315180 1.418408 3.878331
v 0.087204 1.465492 3.510407
v -0.631350 0.735522 3.700104
v -0.602693 0.363687 3.092999
v -0.257294 0.204120 3.758687
v -0.329210 0.888583 4.315905
v 0.112322 0.188321 4.322307
v 1.085426 0.431755 4.408882
v -0.492230 1.244576 3.745567
v -0.245964 1.210727 4.330345
v -0.406088 1.394438 3.807734
v -0.329210 0.888583 4.315905
v -0.631350 0.735522 3.700104
v 0.112322 0.188321 4.322307
v 1.327324 0.953293 2.946380
v 1.408039 1.471953 3.696270
v 1.666602 0.520318 3.137460
v 1.123789 0.330343 3.098632
v 1.327324 0.953293 2.946380
v 1.666602 0.520318 3.137460
v 1.123789 0.330343 3.098632
v 1.594791 0.369270 3.169293
v 1.263691 0.105571 3.226315
v -0.485905 0.229983 3.083047
v 1.208256 0.065951 3.291665
v 0.941875 0.047963 3.797145
v -0.485905 0.229983 3.083047
v -0.083308 0.228370 2.899230
v 0.602450 0.158640 3.111239
v -0.602693 0.363687 3.092999
v -0.141251 0.924241 2.892648
v 0.199262 0.771212 2.760314
v -0.406088 1.394438 3.807734
v 0.087204 1.465492 3.510407
v -0.039350 1.177808 3.169625
v 0.440108 1.315332 4.082155
v 0.087204 1.465492 3.510407
v -0.406088 1.394438 3.807734
v 0.315655 0.777032 2.773179
v 1.327324 0.953293 2.946380
v 0.297736 0.320038 2.942880
v -0.602693 0.363687 3.092999
v 0.199262 0.771212 2.760314
v -0.083308 0.228370 2.899230
v -0.245964 1.210727 4.330345
v -0.329210 0.888583 4.315905
v 0.870973 1.180571 4.372352
v -0.245964 1.210727 4.330345
v -0.492230 1.244576 3.745567
v -0.329210 0.888583 4.315905
v 1.315180 1.418408 3.878331
v 1.344237 0.554692 4.129838
v 1.594807 0.658270 3.762987
v 1.408039 1.471953 3.696270
v 1.594807 0.658270 3.762987
v 1.666602 0.520318 3.137460
v 1.315180 1.418408 3.878331
v 1.408039 1.471953 3.696270
v 0.087204 1.465492 3.510407
v 1.315180 1.418408 3.878331
v 1.594807 0.658270 3.762987
v 1.408039 1.471953 3.696270
v 0.112322 0.188321 4.322307
v -0.257294 0.204120 3.758687
v 0.941875 0.047963 3.797145
v -0.257294 0.204120 3.758687
v 0.112322 0.188321 4.322307
v -0.631350 0.735522 3.700104
v -0.602693 0.363687 3.092999
v -0.485905 0.229983 3.083047
v -0.257294 0.204120 3.758687
v -0.083308 0.228370 2.899230
v -0.485905 0.229983 3.083047
v -0.602693 0.363687 3.092999
v 1.123789 0.330343 3.098632
v 1.666602 0.520318 3.137460
v 1.594791 0.369270 3.169293
v 1.666602 0.520318 3.137460
v 1.594807 0.658270 3.762987
v 1.594791 0.369270 3.169293
v -0.083308 0.228370 2.899230
v 0.160284 0.316320 2.881205
v 0.297736 0.320038 2.942880
v 0.602450 0.158640 3.111239
v -0.083308 0.228370 2.899230
v 0.297736 0.320038 2.942880
v -0.141251 0.924241 2.892648
v -0.602693 0.363687 3.092999
v -0.405104 0.839616 2.998895
v -0.406088 1.394438 3.807734
v -0.039350 1.177808 3.169625
v -0.405104 0.839616 2.998895
v 1.085426 0.431755 4.408882
v 0.112322 0.188321 4.322307
v 0.750575 0.095341 4.366754
v 1.594791 0.369270 3.169293
v 1.344237 0.554692 4.129838
v 0.750575 0.095341 4.366754
v 0.750575 0.095341 4.366754
v 0.112322 0.188321 4.322307
v 0.941875 0.047963 3.797145
v 1.208256 0.065951 3.291665
v 0.750575 0.095341 4.366754
v 0.941875 0.047963 3.797145
v 0.160284 0.316320 2.881205
v 0.315655 0.777032 2.773179
v 0.297736 0.320038 2.942880
v 0.199262 0.771212 2.760314
v 0.160284 0.316320 2.881205
v -0.083308 0.228370 2.899230
v 0.909678 1.191071 4.339164
v 0.440108 1.315332 4.082155
v -0.406088 1.394438 3.807734
v 0.440108 1.315332 4.082155
v 0.909678 1.191071 4.339164
v 1.160394 1.332111 4.090927
v 0.160284 0.316320 2.881205
v 0.199262 0.771212 2.760314
v 0.315655 0.777032 2.773179
v -0.141251 0.924241 2.892648
v 0.315655 0.777032 2.773179
v 0.199262 0.771212 2.760314
v 1.085426 0.431755 4.408882
v 1.344237 0.554692 4.129838
v 1.160394 1.332111 4.090927
v 1.344237 0.554692 4.129838
v 1.085426 0.431755 4.408882
v 0.750575 0.095341 4.366754
v -0.141251 0.924241 2.892648
v -0.405104 0.839616 2.998895
v -0.039350 1.177808 3.169625
v -0.039350 1.177808 3.169625
v 0.315655 0.777032 2.773179
v -0.141251 0.924241 2.892648
v 0.602450 0.158640 3.111239
v 1.123789 0.330343 3.098632
v 1.263691 0.105571 3.226315
v 0.602450 0.158640 3.111239
v 1.208256 0.065951 3.291665
v -0.485905 0.229983 3.083047
v -0.631350 0.735522 3.700104
v -0.329210 0.888583 4.315905
v -0.492230 1.244576 3.745567
v -0.602693 0.363687 3.092999
v -0.631350 0.735522 3.700104
v -0.492230 1.244576 3.745567
v 0.602450 0.158640 3.111239
v 0.297736 0.320038 2.942880
v 1.123789 0.330343 3.098632
v 1.123789 0.330343 3.098632
v 0.297736 0.320038 2.942880
v 1.327324 0.953293 2.946380
v 0.440108 1.315332 4.082155
v 1.160394 1.332111 4.090927
v 1.315180 1.418408 3.878331
v 1.160394 1.332111 4.090927
v 1.344237 0.554692 4.129838
v 1.315180 1.418408 3.878331
v 1.263691 0.105571 3.226315
v 1.208256 0.065951 3.291665
v 0.602450 0.158640 3.111239
v 1.263691 0.105571 3.226315
v 1.594791 0.369270 3.169293
v 1.208256 0.065951 3.291665
v 1.408039 1.471953 3.696270
v 1.327324 0.953293 2.946380
v 1.042591 1.479856 3.552102
v 1.408039 1.471953 3.696270
v 1.042591 1.479856 3.552102
v 0.087204 1.465492 3.510407
v -0.245964 1.210727 4.330345
v 0.870973 1.180571 4.372352
v 0.909678 1.191071 4.339164
v 1.085426 0.431755 4.408882
v 0.909678 1.191071 4.339164
v 0.870973 1.180571 4.372352
v 2.528570 -0.021910 3.467880
v 2.496679 0.415505 2.279330
v 3.493056 0.043449 3.123782
v 3.239777 1.204565 2.264567
v 3.377963 1.440953 2.508587
v 3.292078 0.700930 2.243965
v 2.964006 1.325384 3.409052
v 3.151619 1.232613 4.077793
v 3.877270 1.419051 3.221615
v 3.845628 1.074459 3.641566
v 3.414546 0.379099 3.834939
v 3.619052 0.398567 3.683473
v 3.292078 0.700930 2.243965
v 1.998336 0.530856 2.380335
v 2.516908 1.287785 2.470196
v 1.900033 0.360900 2.440671
v 1.632984 0.128140 3.488855
v 2.374414 1.476872 2.706431
v 1.623878 0.190285 3.730443
v 2.149690 1.230883 3.465096
v 2.374414 1.476872 2.706431
v 3.121213 0.406923 4.015279
v 2.528570 -0.021910 3.467880
v 3.493056 0.043449 3.123782
v 3.639745 0.081445 3.058013
v 2.496679 0.415505 2.279330
v 3.505095 0.362165 2.469953
v 3.712904 0.209912 2.816279
v 3.505095 0.362165 2.469953
v 3.809076 0.568680 2.937028
v 2.775735 1.293948 3.502352
v 2.504928 1.137798 3.952508
v 3.151619 1.232613 4.077793
v 1.623878 0.190285 3.730443
v 2.446992 0.162733 3.860790
v 1.894611 0.811879 3.848385
v 3.270353 1.233205 4.069464
v 3.414546 0.379099 3.834939
v 3.566473 1.267236 3.881312
v 2.504928 1.137798 3.952508
v 3.121213 0.406923 4.015279
v 3.151619 1.232613 4.077793
v 1.632984 0.128140 3.488855
v 2.496679 0.415505 2.279330
v 2.528570 -0.021910 3.467880
v 2.446992 0.162733 3.860790
v 1.623878 0.190285 3.730443
v 2.528570 -0.021910 3.467880
v 3.877270 1.419051 3.221615
v 3.539836 1.487390 2.734179
v 3.034230 1.395403 3.029396
v 3.809076 0.568680 2.937028
v 3.505095 0.362165 2.469953
v 3.377963 1.440953 2.508587
v 3.877270 1.419051 3.221615
v 3.939943 1.132768 3.221242
v 3.539836 1.487390 2.734179
v 3.414546 0.379099 3.834939
v 3.845628 1.074459 3.641566
v 3.566473 1.267236 3.881312
v 3.151619 1.232613 4.077793
v 3.544323 1.322298 3.867305
v 3.877270 1.419051 3.221615
v 3.752278 1.327987 3.714856
v 3.939943 1.132768 3.221242
v 3.877270 1.419051 3.221615
v 2.374414 1.476872 2.706431
v 3.377963 1.440953 2.508587
v 3.239777 1.204565 2.264567
v 2.516908 1.287785 2.470196
v 3.239777 1.204565 2.264567
v 3.292078 0.700930 2.243965
v 2.516908 1.287785 2.470196
v 1.998336 0.530856 2.380335
v 2.374414 1.476872 2.706431
v 2.516908 1.287785 2.470196
v 2.374414 1.476872 2.706431
v 3.239777 1.204565 2.264567
v 3.292078 0.700930 2.243965
v 3.505095 0.362165 2.469953
v 2.496679 0.415505 2.279330
v 3.505095 0.362165 2.469953
v 3.292078 0.700930 2.243965
v 3.377963 1.440953 2.508587
v 3.845628 1.074459 3.641566
v 3.939943 1.132768 3.221242
v 3.752278 1.327987 3.714856
v 3.940742 0.950847 3.517344
v 3.796662 0.446516 3.372237
v 3.913321 0.754332 3.203390
v 3.292078 0.700930 2.243965
v 2.496679 0.415505 2.279330
v 1.998336 0.530856 2.380335
v 1.900033 0.360900 2.440671
v 2.496679 0.415505 2.279330
v 1.632984 0.128140 3.488855
v 3.121213 0.406923 4.015279
v 2.446992 0.162733 3.860790
v 2.528570 -0.021910 3.467880
v 2.446992 0.162733 3.860790
v 3.121213 0.406923 4.015279
v 2.504928 1.137798 3.952508
v 2.446992 0.162733 3.860790
v 2.504928 1.137798 3.952508
v 1.894611 0.811879 3.848385
v 2.504928 1.137798 3.952508
v 2.775735 1.293948 3.502352
v 2.149690 1.230883 3.465096
v 1.623878 0.190285 3.730443
v 1.894611 0.811879 3.848385
v 2.149690 1.230883 3.465096
v 2.149690 1.230883 3.465096
v 1.894611 0.811879 3.848385
v 2.504928 1.137798 3.952508
v 1.632984 0.128140 3.488855
v 1.623878 0.190285 3.730443
v 2.374414 1.476872 2.706431
v 1.623878 0.190285 3.730443
v 1.632984 0.128140 3.488855
v 2.528570 -0.021910 3.467880
v 3.940742 0.950847 3.517344
v 3.913321 0.754332 3.203390
v 3.939943 1.132768 3.221242
v 3.377963 1.440953 2.508587
v 3.939943 1.132768 3.221242
v 3.809076 0.568680 2.937028
v 3.566473 1.267236 3.881312
v 3.845628 1.074459 3.641566
v 3.752278 1.327987 3.714856
v 3.544323 1.322298 3.867305
v 3.752278 1.327987 3.714856
v 3.877270 1.419051 3.221615
v 2.478143 1.472267 2.789052
v 3.034230 1.395403 3.029396
v 3.153881 1.494333 2.607565
v 2.374414 1.476872 2.706431
v 2.149690 1.230883 3.465096
v 2.317408 1.417489 2.943918
v 3.712904 0.209912 2.816279
v 3.809076 0.568680 2.937028
v 3.680079 0.292916 3.354235
v 3.505095 0.362165 2.469953
v 3.712904 0.209912 2.816279
v 3.639745 0.081445 3.058013
v 3.940742 0.950847 3.517344
v 3.619052 0.398567 3.683473
v 3.796662 0.446516 3.372237
v 3.639745 0.081445 3.058013
v 3.619052 0.398567 3.683473
v 3.414546 0.379099 3.834939
v 2.352540 1.493632 3.019352
v 2.798992 1.460323 3.044201
v 2.478143 1.472267 2.789052
v 2.364797 1.316826 3.264686
v 2.149690 1.230883 3.465096
v 2.775735 1.293948 3.502352
v 3.680079 0.292916 3.354235
v 3.639745 0.081445 3.058013
v 3.712904 0.209912 2.816279
v 3.680079 0.292916 3.354235
v 3.619052 0.398567 3.683473
v 3.639745 0.081445 3.058013
v 2.817856 1.387597 3.352544
v 2.798992 1.460323 3.044201
v 2.352540 1.493632 3.019352
v 2.964006 1.325384 3.409052
v 3.877270 1.419051 3.221615
v 3.034230 1.395403 3.029396
v 2.798992 1.460323 3.044201
v 3.034230 1.395403 3.029396
v 2.478143 1.472267 2.789052
v 3.034230 1.395403 3.029396
v 2.798992 1.460323 3.044201
v 2.964006 1.325384 3.409052
v 3.781745 0.824670 3.634568
v 3.619052 0.398567 3.683473
v 3.940742 0.950847 3.517344
v 3.870401 1.054600 3.511537
v 3.940742 0.950847 3.517344
v 3.939943 1.132768 3.221242
v 3.151619 1.232613 4.077793
v 2.964006 1.325384 3.409052
v 2.775735 1.293948 3.502352
v 2.817856 1.387597 3.352544
v 2.964006 1.325384 3.409052
v 2.798992 1.460323 3.044201
v 3.619052 0.398567 3.683473
v 3.781745 0.824670 3.634568
v 3.845628 1.074459 3.641566
v 3.845628 1.074459 3.641566
v 3.870401 1.054600 3.511537
v 3.939943 1.132768 3.221242
v 3.639745 0.081445 3.058013
v 3.414546 0.379099 3.834939
v 3.493056 0.043449 3.123782
v 3.639745 0.081445 3.058013
v 3.493056 0.043449 3.123782
v 2.496679 0.415505 2.279330
v 2.775735 1.293948 3.502352
v 2.964006 1.325384 3.409052
v 2.817856 1.387597 3.352544
v 2.352540 1.493632 3.019352
v 2.775735 1.293948 3.502352
v 2.817856 1.387597 3.352544
v 3.377963 1.440953 2.508587
v 3.539836 1.487390 2.734179
v 3.939943 1.132768 3.221242
v 3.034230 1.395403 3.029396
v 3.539836 1.487390 2.734179
v 3.153881 1.494333 2.607565
v 3.377963 1.440953 2.508587
v 2.374414 1.476872 2.706431
v 3.153881 1.494333 2.607565
v 3.539836 1.487390 2.734179
v 3.377963 1.440953 2.508587
v 3.153881 1.494333 2.607565
v 3.270353 1.233205 4.069464
v 3.121213 0.406923 4.015279
v 3.414546 0.379099 3.834939
v 3.414546 0.379099 3.834939
v 3.121213 0.406923 4.015279
v 3.493056 0.043449 3.123782
v 2.364797 1.316826 3.264686
v 2.775735 1.293948 3.502352
v 2.352540 1.493632 3.019352
v 2.352540 1.493632 3.019352
v 2.478143 1.472267 2.789052
v 2.317408 1.417489 2.943918
v 3.913321 0.754332 3.203390
v 3.809076 0.568680 2.937028
v 3.939943 1.132768 3.221242
v 3.796662 0.446516 3.372237
v 3.809076 0.568680 2.937028
v 3.913321 0.754332 3.203390
v 3.544323 1.322298 3.867305
v 3.566473 1.267236 3.881312
v 3.752278 1.327987 3.714856
v 3.544323 1.322298 3.867305
v 3.270353 1.233205 4.069464
v 3.566473 1.267236 3.881312
v 2.317408 1.417489 2.943918
v 2.149690 1.230883 3.465096
v 2.364797 1.316826 3.264686
v 2.317408 1.417489 2.943918
v 2.364797 1.316826 3.264686
v 2.352540 1.493632 3.019352
v 3.796662 0.446516 3.372237
v 3.680079 0.292916 3.354235
v 3.809076 0.568680 2.937028
v 3.619052 0.398567 3.683473
v 3.680079 0.292916 3.354235
v 3.796662 0.446516 3.372237
v 2.478143 1.472267 2.789052
v 2.374414 1.476872 2.706431
v 2.317408 1.417489 2.943918
v 2.478143 1.472267 2.789052
v 3.153881 1.494333 2.607565
v 2.374414 1.476872 2.706431
v 3.151619 1.232613 4.077793
v 3.121213 0.406923 4.015279
v 3.270353 1.233205 4.069464
v 3.151619 1.232613 4.077793
v 3.270353 1.233205 4.069464
v 3.544323 1.322298 3.867305
v 3.781745 0.824670 3.634568
v 3.870401 1.054600 3.511537
v 3.845628 1.074459 3.641566
v 3.870401 1.054600 3.511537
v 3.781745 0.824670 3.634568
v 3.940742 0.950847 3.517344
v 2.496679 0.415505 2.279330
v 1.900033 0.360900 2.440671
v 1.998336 0.530856 2.380335
v 1.998336 0.530856 2.380335
v 1.900033 0.360900 2.440671
v 2.374414 1.476872 2.706431
vn 0.7385 -0.6743 -0.0070
vn 0.8755 -0.1194 -0.4683
vn -0.2266 0.5031 0.8340
vn -0.0318 -0.9985 0.0447
vn -0.9236 -0.0982 -0.3705
vn -0.4773 0.8657 -0.1509
vn 0.4471 0.7364 -0.5077
vn 0.8536 0.2180 0.4731
vn -0.2833 0.3404 0.8966
vn -0.9519 0.1523 -0.2657
vn 0.9528 0.1923 0.2347
vn 0.1542 -0.4551 0.8770
vn -0.9339 -0.1704 0.3143
vn -0.1248 -0.9921 -0.0121
vn -0.3378 -0.0179 -0.9410
vn 0.1203 0.7239 -0.6793
vn -0.1511 -0.9883 0.0221
vn 0.5718 -0.2595 -0.7783
vn -0.4749 0.8674 -0.1485
vn 0.4257 0.8324 0.3548
vn 0.3241 0.9026 0.2834
vn 0.4563 0.7318 -0.5063
vn 0.8839 0.2199 0.4127
vn 0.8834 -0.1287 -0.4506
vn 0.5785 -0.2875 -0.7634
vn 0.7336 -0.6785 0.0385
vn 0.8556 0.2024 0.4764
vn 0.3454 0.9041 0.2515
vn -0.5619 0.8213 0.0987
vn -0.9529 -0.1362 0.2711
vn -0.1351 -0.9893 -0.0543
vn -0.4033 0.0254 -0.9147
vn 0.9562 0.1593 0.2455
vn 0.8414 0.2292 0.4894
vn 0.1615 0.6082 -0.7772
vn 0.5664 -0.2673 -0.7796
vn -0.9182 -0.1864 0.3494
vn 0.1621 -0.4650 0.8704
vn 0.9389 0.2210 0.2638
vn 0.1394 -0.4969 0.8565
vn -0.9498 0.1592 -0.2692
vn 0.1237 0.7341 -0.6677
vn 0.1654 -0.5052 0.8470
vn 0.7188 -0.6952 0.0034
vn -0.9349 -0.1285 -0.3308
vn -0.9515 0.1518 -0.2675
vn -0.6646 -0.0340 -0.7464
vn -0.9628 0.1503 -0.2245
vn 0.7399 -0.6543 0.1564
vn 0.8813 -0.1236 0.4560
vn -0.2705 0.9615 -0.0494
vn 0.3326 0.7576 -0.5616
vn 0.7383 -0.6725 0.0505
vn -0.1460 -0.9888 0.0298
vn 0.3328 0.9202 0.2063
vn 0.1000 0.9948 0.0177
vn -0.8725 -0.0193 -0.4883
vn -0.1245 -0.9922 -0.0111
vn 0.4331 0.8124 0.3904
vn 0.9175 0.1191 0.3796
vn 0.8518 0.4740 0.2232
vn 0.6570 0.6654 0.3545
vn -0.9231 -0.2425 0.2985
vn -0.8087 -0.4984 -0.3125
vn -0.4240 -0.3460 -0.8370
vn -0.9359 -0.1352 -0.3253
vn 0.7770 0.5149 0.3623
vn -0.2696 0.3741 0.8873
vn -0.0139 0.6765 -0.7364
vn -0.2111 0.2255 -0.9511
vn -0.8653 -0.4186 -0.2757
vn -0.9524 0.1588 -0.2604
vn -0.2663 -0.4992 -0.8246
vn 0.3944 -0.2375 -0.8877
vn -0.4093 0.9043 -0.1212
vn 0.1963 0.9302 -0.3102
vn 0.7541 0.2980 0.5852
vn 0.8494 0.0493 0.5254
vn -0.2218 -0.9546 -0.1990
vn -0.6849 -0.4674 -0.5590
vn 0.9869 0.0716 0.1443
vn 0.9396 -0.1595 0.3030
vn -0.0317 -0.9977 0.0601
vn -0.8869 -0.1812 0.4249
vn -0.2300 0.4997 0.8351
vn 0.2967 0.9220 0.2487
vn -0.0455 -0.9977 0.0501
vn -0.0117 -0.9970 0.0771
vn 0.2634 0.8929 -0.3652
vn 0.3853 0.8676 -0.3145
vn -0.9502 0.1565 -0.2695
vn -0.9206 -0.1013 -0.3771
vn -0.9768 0.2141 0.0091
vn 0.9059 0.3618 0.2202
vn -0.7250 0.6084 -0.3227
vn 0.9534 -0.2243 -0.2019
vn 0.1992 -0.0200 0.9798
vn -0.0612 -0.9969 -0.0496
vn -0.0725 0.9691 0.2358
vn -0.6958 -0.1458 0.7033
vn -0.7257 0.5893 -0.3551
vn 0.9153 -0.2515 -0.3147
vn 0.9009 0.3746 0.2190
vn 0.5332 0.6710 -0.5152
vn 0.9117 -0.2541 -0.3229
vn 0.3836 -0.8305 0.4039
vn 0.3841 -0.8243 0.4158
vn -0.7340 -0.1881 0.6526
vn -0.9267 -0.3756 0.0103
vn -0.0125 -0.0789 -0.9968
vn 0.0442 0.8358 -0.5473
vn -0.0093 -0.0854 -0.9963
vn -0.1158 0.9512 0.2862
vn -0.9735 0.2282 -0.0160
vn -0.9720 0.2342 -0.0191
vn -0.6794 0.5781 -0.4518
vn 0.0012 -0.1688 -0.9856
vn -0.1579 -0.9862 -0.0492
vn 0.0141 -0.2623 -0.9649
vn 0.8849 -0.3487 -0.3087
vn 0.9159 -0.2505 -0.3136
vn -0.0779 -0.9954 -0.0560
vn -0.1123 0.8956 0.4304
vn 0.2037 -0.0213 0.9788
vn 0.8742 0.4224 0.2395
vn 0.1421 0.1144 0.9832
vn -0.8667 0.2682 -0.4206
vn -0.9727 0.2312 -0.0184
vn -0.5713 0.8155 -0.0924
vn -0.9732 0.2292 -0.0170
vn -0.2408 -0.9701 -0.0288
vn -0.7257 -0.5729 0.3810
vn -0.0709 0.9693 0.2356
vn 0.1560 0.8378 -0.5232
vn -0.9289 -0.3700 0.0126
vn -0.7110 -0.6170 0.3374
vn -0.3289 0.7985 -0.5043
vn -0.3794 0.9238 -0.0513
vn -0.9157 -0.3932 -0.0827
vn -0.9735 0.2280 -0.0163
vn -0.7344 -0.1850 0.6530
vn 0.3863 -0.8205 0.4214
vn 0.6063 0.5979 -0.5243
vn 0.8672 -0.0943 -0.4889
vn -0.9738 -0.2267 0.0178
vn -0.7352 -0.1828 0.6528
vn 0.1352 0.1208 0.9834
vn -0.5812 -0.1096 0.8063
vn -0.7225 0.6080 -0.3293
vn 0.0447 0.8359 -0.5471
vn 0.9059 0.3596 0.2238
vn 0.4068 -0.7975 0.4456
vn 0.9100 -0.2316 -0.3439
vn 0.9527 -0.0598 0.2981
vn -0.3413 0.8101 -0.4767
vn -0.3542 0.7904 -0.4997
vn -0.9556 -0.2769 0.1005
vn -0.7208 -0.5829 0.3750
vn 0.0219 0.9599 0.2795
vn -0.0924 0.9324 0.3495
vn 0.9693 -0.2383 -0.0610
vn 0.0017 -0.1674 -0.9859
vn 0.8126 -0.5828 -0.0074
vn 0.4037 -0.8023 0.4397
vn -0.9257 -0.3758 0.0431
vn -0.8028 0.3567 -0.4778
vn 0.7586 0.4440 0.4769
vn -0.0167 0.7870 0.6167
vn -0.2898 0.9549 0.0651
vn -0.9221 0.3644 -0.1302
vn 0.3848 -0.8312 0.4013
vn 0.3989 -0.9153 -0.0554
vn -0.9736 0.2270 0.0244
vn -0.7114 0.6353 -0.3007
vn -0.1140 0.8984 0.4241
vn -0.4038 0.0086 0.9148
vn 0.8554 -0.4205 -0.3025
vn 0.6695 -0.6815 -0.2956
vn -0.6554 0.2193 0.7227
vn -0.9649 0.0931 0.2457
vn -0.1671 0.0550 -0.9844
vn -0.7211 0.6730 -0.1645
vn 0.6780 -0.6782 -0.2833
vn 0.4406 -0.5384 -0.7183
vn -0.0050 0.1805 -0.9836
vn -0.5622 0.4828 -0.6714
vn 0.5664 0.2712 0.7782
vn 0.6376 0.2118 0.7407
vn -0.9727 -0.0173 -0.2315
vn -0.7970 0.5968 0.0929
vn 0.4822 -0.8178 -0.3142
vn -0.0963 -0.9941 -0.0509
vn 0.0023 0.0672 -0.9977
vn 0.5840 0.6238 -0.5194
vn 0.8329 0.5326 0.1505
vn 0.3788 -0.5869 0.7156
vn -0.5799 -0.7789 0.2386
vn 0.2665 -0.9137 0.3067
vn -0.8631 0.4136 -0.2897
vn -0.8344 0.1998 -0.5136
vn 0.9168 -0.2514 -0.3102
vn 0.6441 0.5603 -0.5208
vn -0.1379 -0.9893 -0.0482
vn 0.3101 -0.8908 0.3322
vn 0.9243 -0.0193 -0.3812
vn 0.8920 0.0278 -0.4511
vn 0.2781 -0.3520 0.8937
vn -0.7113 -0.1980 0.6744
vn 0.6533 0.5501 -0.5202
vn 0.9786 0.1990 0.0526
vn 0.3026 -0.2393 -0.9226
vn 0.8668 -0.3584 -0.3467
vn -0.8181 0.5068 -0.2718
vn -0.6988 -0.4900 0.5212
vn -0.1765 -0.0863 0.9805
vn -0.5602 -0.1945 0.8052
vn 0.9046 0.3342 0.2646
vn 0.3712 0.7791 -0.5052
vn 0.2675 -0.9127 0.3090
vn 0.3772 -0.8420 0.3857
vn -0.9990 -0.0325 0.0311
vn -0.9781 -0.2076 0.0121
vn 0.9593 -0.2809 0.0300
vn 0.6764 -0.7015 0.2243
vn 0.3793 0.7803 -0.4973
vn -0.0275 0.9673 0.2522
vn -0.7049 0.5950 -0.3861
vn -0.7829 0.5183 -0.3443
vn -0.5312 0.7475 0.3988
vn -0.4287 -0.6868 0.5869
vn 0.1561 0.1763 -0.9719
vn 0.4400 0.7188 -0.5382
vn 0.2202 -0.9576 -0.1859
vn 0.3245 0.0749 0.9429
vn -0.3921 0.8183 0.4202
vn 0.2783 0.0688 0.9580
vn 0.9486 0.3087 0.0696
vn 0.3953 -0.2531 -0.8830
vn -0.7805 0.2964 -0.5504
vn -0.7580 0.0372 0.6511
vn 0.2211 -0.9566 -0.1897
vn -0.7596 0.3096 -0.5719
vn 0.9421 0.2393 0.2350
vn 0.0757 0.9302 0.3592
vn -0.2973 0.2107 0.9312
vn -0.7415 0.0518 0.6690
vn 0.2021 -0.9589 -0.1992
vn 0.9499 0.1010 -0.2959
vn -0.3504 -0.6663 0.6582
vn -0.1001 -0.9693 -0.2247
vn 0.3983 -0.2487 -0.8829
vn 0.4366 0.7090 -0.5538
vn -0.4386 -0.6794 0.5883
vn -0.3812 0.1518 0.9120
vn 0.4220 0.7152 -0.5572
vn -0.5818 0.7390 0.3397
vn -0.4807 -0.6064 0.6334
vn 0.3571 -0.8163 0.4540
vn -0.4731 0.3085 -0.8252
vn -0.1842 0.7717 -0.6087
vn -0.7715 0.0432 0.6348
vn -0.5431 0.7503 0.3769
vn 0.0987 0.9613 0.2572
vn 0.3597 0.0902 0.9287
vn -0.1695 0.8821 0.4394
vn 0.0948 0.9603 0.2625
vn 0.4470 -0.3132 -0.8379
vn -0.0633 -0.9682 -0.2419
vn -0.9470 0.2165 -0.2372
vn -0.1071 -0.9620 -0.2513
vn 0.1468 0.9748 0.1679
vn 0.9462 0.3179 0.0612
vn 0.9074 0.4062 -0.1079
vn 0.4715 -0.1961 -0.8598
vn -0.4170 -0.6868 0.5953
vn -0.7721 0.0619 0.6324
vn 0.4695 0.6110 -0.6374
vn 0.6546 0.2146 -0.7248
vn 0.0200 0.9305 0.3657
vn 0.0277 0.9463 0.3222
vn -0.8340 0.2791 -0.4760
vn -0.8489 0.4323 0.3040
vn 0.1978 0.1066 0.9744
vn -0.0820 0.8976 0.4330
vn 0.4400 0.0804 -0.8944
vn 0.2077 0.1577 -0.9654
vn -0.3012 -0.7101 -0.6364
vn 0.1936 0.1436 -0.9705
vn -0.1967 0.8906 0.4102
vn -0.5252 0.1673 0.8344
vn 0.3901 -0.9205 -0.0231
vn 0.9423 0.2391 0.2342
vn 0.4101 -0.3059 -0.8592
vn 0.1676 0.2008 -0.9652
vn -0.7983 0.0282 0.6015
vn -0.3440 0.8317 0.4359
vn -0.1507 -0.9726 -0.1770
vn -0.8575 0.2623 -0.4427
vn 0.5023 -0.8639 0.0377
vn 0.4165 0.0927 0.9044
vn -0.2755 0.8838 0.3780
vn 0.3753 0.8601 -0.3455
vn -0.2678 0.6186 0.7386
vn -0.2529 0.4798 0.8401
vn 0.2662 -0.5887 -0.7632
vn -0.1176 -0.6106 -0.7832
vn 0.3737 0.8644 -0.3364
vn 0.4320 0.7262 -0.5348
vn -0.5048 0.4970 0.7059
vn -0.3875 0.8325 0.3959
vn -0.3770 -0.6636 0.6462
vn 0.2205 -0.9585 -0.1810
vn 0.4376 0.7095 -0.5524
vn 0.3030 0.2861 -0.9090
vn 0.1037 0.9079 0.4061
vn -0.5680 0.8107 0.1421
vn 0.3235 0.0911 -0.9418
vn 0.5112 0.6896 -0.5130
vn -0.8768 0.0692 0.4758
vn -0.8234 -0.5675 0.0012
vn -0.0986 0.9066 0.4104
vn -0.0448 0.9972 0.0603
vn -0.5724 0.3635 0.7350
vn -0.4790 0.1667 0.8618
vn -0.8780 -0.3893 0.2785
vn -0.2479 -0.7464 0.6176
vn 0.4240 0.7211 -0.5479
vn 0.7737 0.6335 0.0084
vn 0.6459 -0.7044 0.2942
vn -0.1293 -0.9916 0.0058
vn -0.0550 0.0329 0.9979
vn -0.7157 0.5755 -0.3956
vn 0.7115 -0.6318 0.3076
vn 0.0183 0.7588 -0.6510
vn -0.0007 0.7029 -0.7112
vn -0.9051 0.3205 -0.2794
vn 0.0136 0.9446 0.3279
vn 0.0169 0.7609 -0.6486
vn 0.6241 0.2135 0.7516
vn -0.0474 0.9585 0.2810
vn -0.7979 -0.5300 0.2870
vn -0.0785 -0.0404 0.9961
vn -0.8608 0.3363 0.3820
vn -0.7438 -0.4646 0.4804
vn 0.7992 0.4507 -0.3977
vn 0.1674 -0.2853 -0.9437
vn 0.1683 -0.4056 -0.8984
vn -0.0862 -0.9930 -0.0808
vn -0.0616 -0.9901 -0.1263
vn -0.3720 -0.0254 -0.9279
vn -0.4089 0.7665 -0.4952
vn 0.0101 0.9687 0.2482
vn 0.2167 -0.3473 -0.9124
vn -0.3606 -0.0506 -0.9313
vn -0.0385 -0.0348 0.9987
vn -0.8958 0.2140 0.3896
vn 0.7824 0.1982 0.5904
vn 0.9717 0.2281 0.0612
vn -0.0416 0.9641 0.2623
vn 0.8370 0.2327 0.4953
vn -0.1307 -0.9897 0.0580
vn -0.7436 -0.4711 0.4744
vn -0.7263 -0.6509 0.2209
vn -0.3992 -0.2838 -0.8718
vn 0.1649 -0.2779 -0.9464
vn 0.9017 -0.3888 0.1892
vn 0.2556 -0.8147 -0.5206
vn 0.2135 -0.4829 -0.8493
vn -0.3643 -0.0328 -0.9307
vn -0.4458 0.7379 -0.5067
vn -0.0764 -0.0486 0.9959
vn 0.6559 -0.6907 0.3044
vn -0.1463 -0.9887 0.0331
vn 0.5122 -0.8244 0.2406
vn 0.3934 -0.3336 -0.8567
vn 0.0219 -0.2585 -0.9658
vn -0.1223 0.7874 0.6042
vn -0.0263 0.8803 0.4736
vn 0.1190 -0.2645 -0.9570
vn 0.0428 0.7063 -0.7066
vn 0.6747 0.1952 0.7118
vn 0.6559 -0.6909 0.3040
vn -0.4423 0.7366 -0.5116
vn 0.0549 0.7263 -0.6851
vn 0.1208 -0.4324 -0.8936
vn -0.0544 -0.9506 -0.3057
vn -0.8973 0.2106 0.3879
vn -0.9375 0.2752 -0.2128
vn 0.1614 -0.5501 -0.8194
vn 0.1809 -0.2889 -0.9401
vn -0.0261 0.9327 0.3596
vn 0.7485 0.2085 0.6296
vn 0.0190 -0.8620 -0.5065
vn 0.6284 -0.7754 0.0630
vn 0.2416 0.7857 -0.5694
vn -0.0195 0.9944 0.1039
vn 0.0137 0.9486 0.3161
vn 0.6029 0.2102 0.7696
vn -0.0590 -0.9373 -0.3434
vn 0.8166 0.1080 -0.5670
vn -0.0690 0.9853 0.1561
vn 0.5976 -0.1515 0.7874
vn -0.1291 0.2036 -0.9705
vn -0.8995 0.4150 -0.1370
vn -0.8979 0.4207 -0.1296
vn 0.2176 -0.8687 0.4450
vn 0.0351 -0.8987 -0.4371
vn 0.8469 -0.0488 -0.5296
vn -0.1834 0.9577 0.2219
vn -0.1591 -0.1167 0.9803
vn 0.5424 -0.1361 0.8290
vn -0.1802 -0.0677 0.9813
vn -0.1633 -0.9273 -0.3369
vn -0.0949 -0.9084 0.4072
vn -0.0698 0.9801 0.1858
vn 0.8083 0.1159 -0.5773
vn 0.8204 0.1803 -0.5426
vn 0.5867 -0.1420 0.7973
vn -0.2003 0.9788 0.0434
vn 0.9390 0.2052 0.2758
vn -0.1037 0.7431 -0.6611
vn -0.2724 0.0111 -0.9621
vn -0.5490 0.4590 -0.6985
vn -0.1014 0.7460 -0.6582
vn 0.1370 -0.4886 -0.8617
vn 0.8034 0.1156 -0.5840
vn 0.9304 0.2713 0.2464
vn 0.9477 -0.3012 0.1057
vn -0.1346 0.2565 -0.9571
vn 0.0330 -0.9774 -0.2086
vn 0.2107 -0.8672 0.4513
vn -0.1949 -0.0804 0.9775
vn -0.1229 -0.0857 0.9887
vn -0.1122 0.9578 0.2647
vn -0.8976 0.4177 -0.1408
vn -0.4747 0.7337 0.4861
vn -0.8997 0.4133 -0.1402
vn -0.1549 -0.9582 0.2406
vn 0.9967 -0.0680 -0.0445
vn 0.8029 0.1090 -0.5860
vn 0.6621 0.0273 0.7490
vn 0.1285 0.9689 0.2114
vn 0.0319 0.9710 0.2368
vn -0.7966 0.6031 -0.0404
vn 0.9516 -0.2897 0.1028
vn 0.0906 -0.8905 -0.4458
vn 0.8334 -0.3590 0.4203
vn 0.3932 -0.8148 0.4261
vn 0.0771 0.9958 -0.0503
vn -0.1129 0.9513 0.2868
vn 0.9376 -0.3304 0.1082
vn 0.7313 -0.5983 0.3275
vn 0.0600 0.9724 0.2257
vn -0.0661 0.9834 0.1691
vn 0.2416 0.9349 -0.2601
vn 0.2723 0.9360 0.2230
vn 0.6697 -0.1728 0.7223
vn 0.7723 0.5421 0.3310
vn -0.0848 0.9834 0.1602
vn 0.3176 0.9271 0.1992
vn 0.7336 -0.2058 0.6477
vn 0.9727 -0.1130 0.2026
vn 0.4013 -0.8104 0.4268
vn 0.0361 -0.8981 -0.4383
vn 0.1365 0.8223 0.5524
vn -0.1567 0.8567 0.4915
vn 0.8005 0.0891 -0.5927
vn -0.0526 0.9754 0.2138
vn -0.0977 0.7667 -0.6346
vn 0.1069 0.9559 -0.2735
vn 0.5078 -0.1473 0.8488
vn 0.1846 -0.8808 0.4361
vn -0.2865 0.7704 0.5695
vn -0.6159 0.6794 -0.3989
vn 0.9415 -0.0505 -0.3333
vn 0.9156 -0.3932 -0.0843
vn 0.5337 0.4037 0.7431
vn 0.4619 0.3886 0.7973
vn -0.0892 0.9465 0.3102
vn -0.9502 0.2284 0.2120
vn 0.7964 -0.5878 -0.1423
vn 0.7339 -0.5953 0.3271
vn -0.1259 0.9691 0.2121
vn -0.0132 0.9973 0.0721
vn 0.0701 -0.0779 0.9945
vn 0.0258 0.9014 0.4322
vn 0.9441 -0.2476 0.2177
vn 0.3901 0.3129 0.8660
vn -0.2388 -0.1993 -0.9504
vn -0.8758 0.4262 -0.2264
vt 0.159596 0.557849
vt 0.216365 0.629064
vt 0.241398 0.532725
vt 0.125972 0.485844
vt 0.114265 0.551710
vt 0.189962 0.511356
vt 0.893280 0.523674
vt 0.987973 0.529947
vt 0.924093 0.497917
vt 0.024529 0.099687
vt 0.117711 0.063533
vt 0.039868 0.015670
vt 0.335390 0.783976
vt 0.385656 0.771811
vt 0.345053 0.745394
vt 0.854719 0.330647
vt 0.873782 0.499880
vt 0.924516 0.356492
vt 0.986920 0.309399
vt 0.927091 0.272242
vt 0.979789 0.351684
vt 0.156713 0.564669
vt 0.170767 0.644898
vt 0.223374 0.755634
vt 0.232304 0.710846
vt 0.187965 0.697542
vt 0.238096 0.765191
vt 0.318833 0.754701
vt 0.312098 0.729129
vt 0.210168 0.657439
vt 0.182716 0.693965
vt 0.279847 0.695168
vt 0.081748 0.131480
vt 0.384096 0.835037
vt 0.387553 0.783103
vt 0.350638 0.830010
vt 0.135657 0.119849
vt 0.204844 0.104658
vt 0.203436 0.049596
vt 0.238790 0.447002
vt 0.157194 0.437389
vt 0.987983 0.465405
vt 0.934326 0.500608
vt 0.985045 0.401388
vt 0.940944 0.394175
vt 0.946497 0.353992
vt 0.105258 0.592465
vt 0.237021 0.486920
vt 0.222793 0.084823
vt 0.397164 0.788131
vt 0.144661 0.667020
vt 0.112681 0.622168
vt 0.870964 0.262443
vt 0.859602 0.287903
vt 0.269690 0.687732
vt 0.225709 0.639940
vt 0.357484 0.810680
vt 0.332778 0.833591
vt 0.242319 0.636948
vt 0.935407 0.368244
vt 0.947777 0.365502
vt 0.318775 0.735205
vt 0.095490 0.586720
vt 0.313776 0.723902
vt 0.394727 0.778242
vt 0.182557 0.702747
vt 0.843819 0.306087
vt 0.365638 0.835390
vt 0.404573 0.783456
vt 0.217628 0.097967
vt 0.009276 0.088973
vt 0.157843 0.041580
vt 0.215042 0.361278
vt 0.150020 0.321211
vt 0.192771 0.380021
vt 0.669279 0.785725
vt 0.759990 0.736083
vt 0.681601 0.655379
vt 0.111541 0.369673
vt 0.797096 0.584109
vt 0.770603 0.557725
vt 0.715161 0.567456
vt 0.100585 0.493777
vt 0.017063 0.481609
vt 0.019678 0.587842
vt 0.831704 0.572860
vt 0.958051 0.554638
vt 0.897305 0.539175
vt 0.164912 0.822647
vt 0.151968 0.743631
vt 0.120482 0.785361
vt 0.122615 0.190916
vt 0.207785 0.145146
vt 0.130914 0.153861
vt 0.122815 0.317548
vt 0.068345 0.292033
vt 0.803653 0.687024
vt 0.705482 0.610230
vt 0.687536 0.651362
vt 0.632738 0.692098
vt 0.708364 0.552985
vt 0.665788 0.663368
vt 0.421227 0.693857
vt 0.330382 0.681297
vt 0.362166 0.718356
vt 0.335372 0.654535
vt 0.207682 0.248228
vt 0.259852 0.413740
vt 0.264713 0.282104
vt 0.216177 0.413200
vt 0.432385 0.304517
vt 0.477647 0.160935
vt 0.382579 0.300141
vt 0.108405 0.373590
vt 0.062833 0.293563
vt 0.109369 0.451120
vt 0.388593 0.218244
vt 0.114706 0.839603
vt 0.164704 0.269906
vt 0.117098 0.191972
vt 0.094460 0.244865
vt 0.133479 0.300754
vt 0.111118 0.291900
vt 0.089674 0.261837
vt 0.499167 0.296532
vt 0.529945 0.192066
vt 0.811865 0.594284
vt 0.997197 0.617344
vt 0.988414 0.565707
vt 0.531500 0.278763
vt 0.794371 0.563445
vt 0.853991 0.543201
vt 0.139995 0.868179
vt 0.187222 0.857796
vt 0.076508 0.587845
vt 0.651084 0.780973
vt 0.018383 0.612522
vt 0.142577 0.309221
vt 0.872660 0.627450
vt 0.237923 0.266616
vt 0.281643 0.203218
vt 0.266512 0.179181
vt 0.191658 0.755530
vt 0.019407 0.303783
vt 0.222151 0.295962
vt 0.123408 0.768976
vt 0.146641 0.743861
vt 0.220950 0.247357
vt 0.353907 0.629770
vt 0.697663 0.615174
vt 0.745364 0.555838
vt 0.716727 0.555383
vt 0.067065 0.626585
vt 0.163753 0.140746
vt 0.145887 0.429987
vt 0.744648 0.780382
vt 0.431851 0.675100
vt 0.425337 0.636943
vt 0.768430 0.734788
vt 0.766384 0.741328
vt 0.750629 0.773785
vt 0.201317 0.761322
vt 0.778382 0.724747
vt 0.221336 0.420135
vt 0.208619 0.421087
vt 0.655268 0.788334
vt 0.149565 0.872630
vt 0.185677 0.866628
vt 0.114921 0.274358
vt 0.396121 0.736785
vt 0.852915 0.524094
vt 0.079665 0.633847
vt 0.808424 0.644266
vt 0.805006 0.586704
vt 0.460415 0.165762
vt 0.996266 0.545180
vt 0.985418 0.552515
vt 0.378961 0.222454
vt 0.373564 0.287801
vt 0.152538 0.430910
vt 0.672182 0.789751
vt 0.422728 0.627557
vt 0.286009 0.210714
vt 0.349466 0.712207
vt 0.330394 0.689498
vt 0.110082 0.475458
vt 0.251490 0.150959
vt 0.477020 0.300945
vt 0.783327 0.557728
vt 0.095604 0.532519
vt 0.237505 0.143749
vt 0.007416 0.357025
vt 0.377041 0.738138
vt 0.007379 0.305061
vt 0.289742 0.442312
vt 0.323752 0.398652
vt 0.288424 0.361498
vt 0.601196 0.840938
vt 0.636065 0.959012
vt 0.679697 0.923578
vt 0.640219 0.333783
vt 0.794895 0.248544
vt 0.618570 0.259159
vt 0.458251 0.730902
vt 0.417644 0.731204
vt 0.468546 0.812860
vt 0.534336 0.970070
vt 0.627778 0.952331
vt 0.430879 0.419993
vt 0.438215 0.453079
vt 0.559006 0.404626
vt 0.489578 0.836299
vt 0.476974 0.860338
vt 0.531600 0.815367
vt 0.475902 0.365217
vt 0.956310 0.762223
vt 0.917157 0.668203
vt 0.895131 0.710937
vt 0.716322 0.537787
vt 0.799823 0.320488
vt 0.668483 0.399929
vt 0.325159 0.412306
vt 0.298992 0.443766
vt 0.418269 0.437242
vt 0.411776 0.376666
vt 0.355965 0.333855
vt 0.548571 0.789657
vt 0.595127 0.802506
vt 0.422000 0.418084
vt 0.980019 0.757320
vt 0.977033 0.665469
vt 0.478815 0.846280
vt 0.555621 0.386305
vt 0.566288 0.315651
vt 0.541661 0.976749
vt 0.907279 0.670366
vt 0.604014 0.737970
vt 0.654498 0.805126
vt 0.567891 0.728882
vt 0.548415 0.744083
vt 0.659187 0.475097
vt 0.419438 0.782410
vt 0.688262 0.867279
vt 0.499830 0.297868
vt 0.441071 0.825022
vt 0.468387 0.863518
vt 0.614131 0.979073
vt 0.615845 0.246223
vt 0.475070 0.867969
vt 0.339465 0.404068
vt 0.472856 0.716317
vt 0.489409 0.708207
vt 0.559358 0.447882
vt 0.513680 0.788583
vt 0.537608 0.793585
vt 0.511947 0.722762
vt 0.743819 0.318849
vt 0.419334 0.397499
vt 0.413460 0.387836
vt 0.591243 0.728042
vt 0.924187 0.758638
vt 0.893508 0.730359
vt 0.670570 0.510441
vt 0.308260 0.292770
vt 0.412597 0.744332
vt 0.650275 0.496554
vt 0.530624 0.772769
vt 0.521094 0.729818
vt 0.506782 0.776296
vt 0.657158 0.411095
vt 0.643439 0.347854
vt 0.545323 0.733002
vt 0.534276 0.785515
vt 0.277810 0.337958
vt 0.271984 0.318966
vt 0.795902 0.258694
vt 0.988477 0.649237
vt 0.449296 0.474903
vt 0.540350 0.776029
vt 0.536262 0.771496
vt 0.542918 0.741344
vt 0.518291 0.782838
vt 0.437391 0.817013
vt 0.417531 0.372609
vt 0.561940 0.307187
vt 0.608668 0.739060
vt 0.449244 0.727524
vt 0.325090 0.039844
vt 0.473954 0.045045
vt 0.363537 0.006945
vt 0.572619 0.538417
vt 0.494514 0.512107
vt 0.577092 0.677905
vt 0.576108 0.129760
vt 0.445684 0.079382
vt 0.456651 0.152611
vt 0.328795 0.610311
vt 0.293611 0.529162
vt 0.275782 0.522236
vt 0.370462 0.087759
vt 0.411876 0.086573
vt 0.781533 0.216334
vt 0.736895 0.061264
vt 0.688875 0.187348
vt 0.804212 0.098107
vt 0.384156 0.599365
vt 0.591458 0.041195
vt 0.590655 0.175560
vt 0.655589 0.022463
vt 0.688211 0.079650
vt 0.412017 0.165283
vt 0.450946 0.153669
vt 0.623392 0.120972
vt 0.652834 0.220116
vt 0.346322 0.536864
vt 0.410435 0.520078
vt 0.537469 0.058320
vt 0.296482 0.461573
vt 0.332996 0.466558
vt 0.418619 0.449980
vt 0.274608 0.108092
vt 0.357676 0.174032
vt 0.312790 0.055985
vt 0.080741 0.840780
vt 0.006318 0.860323
vt 0.057744 0.902556
vt 0.075761 0.895200
vt 0.108815 0.859289
vt 0.518574 0.708401
vt 0.472857 0.558397
vt 0.497149 0.637935
vt 0.084349 0.636708
vt 0.014448 0.686279
vt 0.027029 0.729562
vt 0.026218 0.742965
vt 0.081939 0.744694
vt 0.092507 0.701062
vt 0.566312 0.161019
vt 0.381854 0.171124
vt 0.675148 0.229629
vt 0.637671 0.580904
vt 0.403467 0.597436
vt 0.098526 0.651128
vt 0.080268 0.727749
vt 0.104116 0.782495
vt 0.027697 0.655204
vt 0.771145 0.010280
vt 0.642810 0.655213
vt 0.419132 0.020090
vt 0.625511 0.203587
vt 0.779097 0.045398
vt 0.805026 0.084296
vt 0.509584 0.714554
vt 0.354265 0.008689
vt 0.586572 0.171117
vt 0.929124 0.112949
vt 0.800262 0.106129
vt 0.893633 0.209558
vt 0.294405 0.900604
vt 0.274366 0.880475
vt 0.287573 0.938807
vt 0.842119 0.860184
vt 0.742335 0.826090
vt 0.788201 0.990716
vt 0.174561 0.901135
vt 0.145141 0.954324
vt 0.163815 0.951649
vt 0.385057 0.968412
vt 0.355578 0.900391
vt 0.395103 0.981598
vt 0.484762 0.972113
vt 0.376594 0.882148
vt 0.501384 0.960390
vt 0.444111 0.881565
vt 0.994722 0.178215
vt 0.886602 0.224865
vt 0.819572 0.210311
vt 0.230011 0.971391
vt 0.262996 0.963540
vt 0.222925 0.942489
vt 0.846286 0.827774
vt 0.810425 0.754029
vt 0.010679 0.987243
vt 0.071878 0.979994
vt 0.024619 0.938329
vt 0.122048 0.892151
vt 0.147748 0.887764
vt 0.066284 0.907700
vt 0.119610 0.954288
vt 0.113336 0.893369
vt 0.931328 0.018834
vt 0.973502 0.104569
vt 0.957800 0.017317
vt 0.877814 0.991408
vt 0.883532 0.902395
vt 0.207388 0.877402
vt 0.204989 0.898934
vt 0.253683 0.875330
vt 0.735568 0.894024
vt 0.167248 0.882063
vt 0.983248 0.850744
vt 0.920677 0.991730
vt 0.974875 1.002588
vt 1.009232 0.893936
vt 0.344366 0.972110
vt 0.185439 0.910492
vt 0.189964 0.947302
vt 0.204483 0.925993
vt 0.819184 0.044394
vt 0.900301 0.751303
vt 0.488693 0.905768
vt 0.865074 0.666615
vt 0.736536 0.932753
vt 0.962921 0.855712
vt 0.925902 0.954381
vt 0.396994 0.880322
vt 0.189165 0.961210
vt 0.858347 0.232116
vt 0.959462 0.229379
vt 0.974615 0.207657
vt 0.943031 0.822586
vt 0.903309 0.871983
vt 0.909550 0.796078
vt 0.209690 0.980632
vt 0.863727 0.847876
vt 0.172656 0.919775
vt 0.183736 0.903014
vt 0.956438 0.816630
vt 0.146693 0.883246
vt 0.732823 0.841229
s 0
usemtl campfire_model6_stone2
f 1831/462/610 1832/463/610 1833/464/610
f 1834/465/611 1835/466/611 1836/467/611
f 1837/468/612 1838/469/612 1839/470/612
f 1840/471/613 1841/472/613 1842/473/613
f 1843/474/614 1844/475/614 1845/476/614
f 1846/477/615 1847/478/615 1848/479/615
f 1849/480/616 1850/481/616 1851/482/616
f 1852/483/617 1853/484/617 1854/463/617
f 1855/485/618 1856/486/618 1857/487/618
f 1858/488/619 1859/489/619 1860/490/619
f 1861/491/620 1862/484/620 1863/492/620
f 1864/487/621 1865/486/621 1866/491/621
f 1867/490/622 1868/493/622 1869/485/622
f 1870/472/623 1871/471/623 1872/494/623
f 1873/495/624 1874/496/624 1875/497/624
f 1876/479/625 1877/481/625 1878/477/625
f 1879/498/626 1880/499/626 1881/500/626
f 1882/467/627 1883/501/627 1884/502/627
f 1885/478/628 1886/470/628 1887/479/628
f 1888/469/629 1889/503/629 1890/504/629
f 1891/470/630 1892/505/630 1893/506/630
f 1894/482/631 1895/481/631 1896/507/631
f 1897/508/632 1898/483/632 1899/466/632
f 1900/462/633 1901/467/633 1902/466/633
f 1903/467/634 1904/509/634 1905/501/634
f 1906/467/635 1907/462/635 1908/464/635
f 1909/484/636 1910/483/636 1911/508/636
f 1912/506/637 1913/505/637 1914/482/637
f 1915/478/638 1916/468/638 1917/470/638
s 1
f 1918/490/639 1919/485/639 1920/488/639
s 0
f 1921/500/640 1922/499/640 1923/510/640
f 1924/511/641 1925/496/641 1926/495/641
f 1927/492/642 1928/484/642 1929/512/642
f 1930/513/643 1931/484/643 1932/508/643
f 1933/481/644 1934/514/644 1935/515/644
f 1936/465/645 1937/467/645 1938/502/645
f 1939/485/646 1940/516/646 1941/486/646
f 1942/517/647 1943/486/647 1944/516/647
f 1945/484/648 1946/491/648 1947/463/648
f 1948/491/649 1949/486/649 1950/517/649
f 1951/518/650 1952/488/650 1953/519/650
f 1954/481/651 1955/515/651 1956/477/651
f 1957/517/652 1958/516/652 1959/520/652
f 1960/464/653 1961/463/653 1962/520/653
s 1
f 1963/496/654 1964/474/654 1965/518/654
s 0
f 1966/488/655 1967/518/655 1968/474/655
f 1969/497/656 1970/496/656 1971/518/656
f 1972/518/657 1973/519/657 1974/497/657
f 1975/463/658 1976/517/658 1977/520/658
f 1978/491/659 1979/517/659 1980/463/659
f 1981/521/660 1982/470/660 1983/506/660
f 1984/507/661 1985/481/661 1986/479/661
f 1987/509/662 1988/467/662 1989/464/662
f 1990/500/663 1991/472/663 1992/498/663
f 1993/482/664 1994/522/664 1995/506/664
f 1996/506/665 1997/522/665 1998/521/665
f 1999/476/666 2000/523/666 2001/489/666
f 2002/472/667 2003/494/667 2004/498/667
f 2005/504/668 2006/503/668 2007/505/668
f 2008/513/669 2009/512/669 2010/484/669
f 2011/524/670 2012/508/670 2013/466/670
f 2014/513/671 2015/508/671 2016/524/671
f 2017/525/672 2018/493/672 2019/490/672
s 1
f 2020/523/673 2021/476/673 2022/525/673
s 0
f 2023/511/674 2024/526/674 2025/496/674
f 2026/496/675 2027/475/675 2028/474/675
f 2029/527/676 2030/492/676 2031/512/676
f 2032/485/677 2033/487/677 2034/527/677
f 2035/477/678 2036/515/678 2037/528/678
f 2038/495/679 2039/497/679 2040/529/679
f 2041/490/680 2042/523/680 2043/525/680
f 2044/490/681 2045/489/681 2046/523/681
f 2047/530/682 2048/526/682 2049/511/682
f 2050/530/683 2051/511/683 2052/495/683
s 1
f 2053/470/684 2054/521/684 2055/479/684
s 0
f 2056/479/685 2057/521/685 2058/522/685
f 2059/492/686 2060/527/686 2061/487/686
f 2062/492/687 2063/487/687 2064/491/687
f 2065/499/688 2066/531/688 2067/510/688
f 2068/496/689 2069/526/689 2070/475/689
f 2071/466/690 2072/483/690 2073/462/690
f 2074/463/691 2075/462/691 2076/483/691
f 2077/473/692 2078/532/692 2079/471/692
f 2080/493/693 2081/516/693 2082/485/693
f 2083/470/694 2084/469/694 2085/504/694
f 2086/504/695 2087/505/695 2088/470/695
f 2089/533/696 2090/473/696 2091/472/696
f 2092/533/697 2093/472/697 2094/500/697
s 1
f 2095/507/698 2096/479/698 2097/522/698
f 2098/507/699 2099/522/699 2100/482/699
s 0
f 2101/488/700 2102/474/700 2103/489/700
f 2104/474/701 2105/476/701 2106/489/701
f 2107/534/702 2108/535/702 2109/536/702
f 2110/537/703 2111/538/703 2112/539/703
f 2113/535/704 2114/540/704 2115/536/704
f 2116/541/705 2117/542/705 2118/543/705
f 2119/544/706 2120/545/706 2121/546/706
f 2122/547/707 2123/548/707 2124/549/707
f 2125/550/708 2126/551/708 2127/552/708
f 2128/553/709 2129/554/709 2130/555/709
f 2131/556/710 2132/557/710 2133/540/710
f 2134/558/711 2135/559/711 2136/560/711
f 2137/561/712 2138/537/712 2139/539/712
f 2140/562/713 2141/563/713 2142/539/713
f 2143/558/714 2144/560/714 2145/538/714
f 2146/564/715 2147/565/715 2148/566/715
f 2149/564/716 2150/567/716 2151/565/716
f 2152/554/717 2153/553/717 2154/568/717
f 2155/569/718 2156/570/718 2157/571/718
f 2158/572/719 2159/573/719 2160/574/719
s 1
f 2161/575/720 2162/576/720 2163/577/720
s 0
f 2164/573/721 2165/578/721 2166/574/721
f 2167/579/722 2168/550/722 2169/552/722
f 2170/580/723 2171/568/723 2172/581/723
f 2173/582/724 2174/583/724 2175/581/724
f 2176/557/725 2177/584/725 2178/585/725
f 2179/586/726 2180/587/726 2181/573/726
f 2182/588/727 2183/589/727 2184/590/727
f 2185/586/728 2186/591/728 2187/587/728
f 2188/592/729 2189/542/729 2190/541/729
f 2191/541/730 2192/559/730 2193/558/730
f 2194/593/731 2195/547/731 2196/549/731
f 2197/579/732 2198/594/732 2199/595/732
f 2200/544/733 2201/546/733 2202/596/733
f 2203/597/734 2204/537/734 2205/561/734
f 2206/596/735 2207/546/735 2208/598/735
f 2209/599/736 2210/556/736 2211/540/736
f 2212/580/737 2213/581/737 2214/583/737
f 2215/599/738 2216/540/738 2217/535/738
f 2218/534/739 2219/580/739 2220/535/739
f 2221/600/740 2222/589/740 2223/588/740
f 2224/601/741 2225/602/741 2226/603/741
f 2227/551/742 2228/550/742 2229/604/742
f 2230/605/743 2231/577/743 2232/576/743
f 2233/570/744 2234/606/744 2235/571/744
f 2236/570/745 2237/602/745 2238/601/745
f 2239/576/746 2240/575/746 2241/557/746
f 2242/607/747 2243/551/747 2244/608/747
f 2245/606/748 2246/570/748 2247/601/748
f 2248/534/749 2249/568/749 2250/580/749
f 2251/554/750 2252/609/750 2253/603/750
f 2254/564/751 2255/610/751 2256/567/751
f 2257/562/752 2258/539/752 2259/611/752
f 2260/612/753 2261/613/753 2262/543/753
f 2263/601/754 2264/568/754 2265/606/754
f 2266/554/755 2267/568/755 2268/609/755
f 2269/614/756 2270/596/756 2271/598/756
f 2272/554/757 2273/615/757 2274/555/757
f 2275/616/758 2276/536/758 2277/540/758
f 2278/575/759 2279/577/759 2280/616/759
f 2281/538/760 2282/537/760 2283/617/760
s 1
f 2284/618/761 2285/619/761 2286/610/761
s 0
f 2287/558/762 2288/538/762 2289/620/762
f 2290/621/763 2291/538/763 2292/622/763
f 2293/575/764 2294/616/764 2295/540/764
f 2296/575/765 2297/540/765 2298/557/765
f 2299/601/766 2300/609/766 2301/568/766
f 2302/601/767 2303/603/767 2304/609/767
f 2305/550/768 2306/595/768 2307/623/768
s 1
f 2308/579/769 2309/595/769 2310/550/769
s 0
f 2311/542/770 2312/612/770 2313/543/770
f 2314/586/771 2315/573/771 2316/572/771
f 2317/624/772 2318/558/772 2319/620/772
f 2320/564/773 2321/618/773 2322/610/773
f 2323/569/774 2324/571/774 2325/625/774
f 2326/571/775 2327/626/775 2328/625/775
f 2329/627/776 2330/537/776 2331/597/776
f 2332/628/777 2333/629/777 2334/595/777
f 2335/552/778 2336/551/778 2337/607/778
f 2338/582/779 2339/585/779 2340/630/779
f 2341/631/780 2342/564/780 2343/566/780
f 2344/632/781 2345/593/781 2346/549/781
f 2347/534/782 2348/536/782 2349/571/782
f 2350/571/783 2351/536/783 2352/616/783
f 2353/594/784 2354/628/784 2355/595/784
f 2356/633/785 2357/596/785 2358/614/785
f 2359/634/786 2360/541/786 2361/558/786
f 2362/635/787 2363/541/787 2364/634/787
f 2365/581/788 2366/553/788 2367/555/788
f 2368/568/789 2369/553/789 2370/581/789
f 2371/578/790 2372/573/790 2373/636/790
f 2374/571/791 2375/616/791 2376/626/791
f 2377/592/792 2378/541/792 2379/635/792
f 2380/637/793 2381/638/793 2382/590/793
f 2383/578/794 2384/639/794 2385/640/794
f 2386/626/795 2387/616/795 2388/641/795
f 2389/627/796 2390/642/796 2391/537/796
f 2392/642/797 2393/617/797 2394/537/797
f 2395/599/798 2396/580/798 2397/583/798
f 2398/535/799 2399/580/799 2400/599/799
f 2401/638/800 2402/548/800 2403/590/800
f 2404/590/801 2405/548/801 2406/547/801
f 2407/640/802 2408/574/802 2409/578/802
f 2410/613/803 2411/562/803 2412/611/803
f 2413/538/804 2414/617/804 2415/622/804
f 2416/643/805 2417/610/805 2418/619/805
f 2419/602/806 2420/570/806 2421/644/806
f 2422/566/807 2423/565/807 2424/645/807
f 2425/630/808 2426/585/808 2427/584/808
f 2428/583/809 2429/556/809 2430/599/809
f 2431/541/810 2432/543/810 2433/559/810
f 2434/613/811 2435/611/811 2436/543/811
f 2437/547/812 2438/588/812 2439/590/812
f 2440/565/813 2441/646/813 2442/645/813
f 2443/543/814 2444/611/814 2445/559/814
f 2446/559/815 2447/611/815 2448/560/815
f 2449/544/816 2450/647/816 2451/545/816
f 2452/554/817 2453/603/817 2454/648/817
f 2455/611/818 2456/539/818 2457/560/818
f 2458/539/819 2459/538/819 2460/560/819
f 2461/586/820 2462/572/820 2463/649/820
f 2464/650/821 2465/542/821 2466/592/821
f 2467/630/822 2468/584/822 2469/583/822
f 2470/583/823 2471/582/823 2472/630/823
f 2473/651/824 2474/544/824 2475/596/824
f 2476/648/825 2477/652/825 2478/554/825
f 2479/561/826 2480/539/826 2481/563/826
f 2482/653/827 2483/577/827 2484/605/827
f 2485/566/828 2486/645/828 2487/654/828
f 2488/631/829 2489/566/829 2490/654/829
f 2491/571/830 2492/606/830 2493/534/830
f 2494/606/831 2495/568/831 2496/534/831
f 2497/620/832 2498/538/832 2499/621/832
f 2500/620/833 2501/621/833 2502/624/833
f 2503/655/834 2504/653/834 2505/605/834
f 2506/550/835 2507/623/835 2508/604/835
f 2509/556/836 2510/584/836 2511/557/836
f 2512/556/837 2513/583/837 2514/584/837
f 2515/656/838 2516/657/838 2517/658/838
f 2518/659/839 2519/660/839 2520/661/839
f 2521/662/840 2522/663/840 2523/664/840
f 2524/665/841 2525/666/841 2526/667/841
f 2527/668/842 2528/669/842 2529/659/842
f 2530/670/843 2531/671/843 2532/672/843
f 2533/673/844 2534/674/844 2535/675/844
f 2536/672/845 2537/676/845 2538/670/845
f 2539/677/846 2540/678/846 2541/679/846
f 2542/680/847 2543/681/847 2544/682/847
f 2545/683/848 2546/684/848 2547/685/848
f 2548/657/849 2549/686/849 2550/687/849
f 2551/688/850 2552/668/850 2553/689/850
f 2554/685/851 2555/690/851 2556/683/851
f 2557/691/852 2558/692/852 2559/677/852
f 2560/665/853 2561/693/853 2562/673/853
f 2563/676/854 2564/694/854 2565/695/854
f 2566/658/855 2567/657/855 2568/687/855
f 2569/696/856 2570/669/856 2571/668/856
f 2572/678/857 2573/697/857 2574/679/857
f 2575/698/858 2576/689/858 2577/699/858
f 2578/700/859 2579/701/859 2580/689/859
f 2581/682/860 2582/702/860 2583/680/860
f 2584/667/861 2585/666/861 2586/703/861
s 1
f 2587/661/862 2588/704/862 2589/659/862
s 0
f 2590/705/863 2591/676/863 2592/695/863
f 2593/674/864 2594/706/864 2595/707/864
f 2596/684/865 2597/657/865 2598/656/865
f 2599/669/866 2600/660/866 2601/659/866
f 2602/708/867 2603/660/867 2604/669/867
f 2605/709/868 2606/664/868 2607/663/868
f 2608/707/869 2609/710/869 2610/674/869
f 2611/657/870 2612/711/870 2613/686/870
f 2614/657/871 2615/684/871 2616/683/871
f 2617/712/872 2618/673/872 2619/713/872
f 2620/672/873 2621/671/873 2622/714/873
f 2623/715/874 2624/673/874 2625/716/874
f 2626/713/875 2627/673/875 2628/717/875
f 2629/718/876 2630/682/876 2631/681/876
f 2632/701/877 2633/688/877 2634/689/877
f 2635/719/878 2636/720/878 2637/711/878
f 2638/698/879 2639/721/879 2640/689/879
f 2641/673/880 2642/712/880 2643/665/880
f 2644/677/881 2645/679/881 2646/722/881
f 2647/679/882 2648/723/882 2649/722/882
f 2650/724/883 2651/680/883 2652/702/883
f 2653/704/884 2654/699/884 2655/659/884
f 2656/725/885 2657/658/885 2658/687/885
f 2659/666/886 2660/726/886 2661/703/886
f 2662/727/887 2663/724/887 2664/702/887
f 2665/728/888 2666/729/888 2667/730/888
f 2668/717/889 2669/673/889 2670/730/889
f 2671/690/890 2672/711/890 2673/683/890
f 2674/683/891 2675/711/891 2676/657/891
f 2677/694/892 2678/676/892 2679/672/892
f 2680/729/893 2681/717/893 2682/730/893
s 1
f 2683/702/894 2684/682/894 2685/731/894
s 0
f 2686/718/895 2687/732/895 2688/682/895
f 2689/700/896 2690/733/896 2691/701/896
f 2692/662/897 2693/718/897 2694/663/897
s 1
f 2695/734/898 2696/715/898 2697/716/898
s 0
f 2698/735/899 2699/725/899 2700/736/899
f 2701/696/900 2702/708/900 2703/669/900
f 2704/692/901 2705/678/901 2706/677/901
f 2707/718/902 2708/681/902 2709/737/902
f 2710/737/903 2711/663/903 2712/718/903
f 2713/735/904 2714/658/904 2715/725/904
f 2716/675/905 2717/716/905 2718/673/905
f 2719/689/906 2720/721/906 2721/700/906
f 2722/690/907 2723/719/907 2724/711/907
f 2725/692/908 2726/738/908 2727/678/908
f 2728/739/909 2729/714/909 2730/671/909
f 2731/673/910 2732/693/910 2733/674/910
f 2734/693/911 2735/665/911 2736/667/911
f 2737/740/912 2738/734/912 2739/716/912
f 2740/741/913 2741/729/913 2742/728/913
f 2743/701/914 2744/742/914 2745/688/914
f 2746/733/915 2747/742/915 2748/701/915
f 2749/693/916 2750/667/916 2751/674/916
f 2752/667/917 2753/706/917 2754/674/917
f 2755/741/918 2756/728/918 2757/734/918
f 2758/734/919 2759/728/919 2760/743/919
f 2761/699/920 2762/689/920 2763/659/920
f 2764/689/921 2765/668/921 2766/659/921
f 2767/744/922 2768/667/922 2769/703/922
f 2770/682/923 2771/732/923 2772/731/923
f 2773/728/924 2774/730/924 2775/743/924
f 2776/734/925 2777/743/925 2778/715/925
f 2779/718/926 2780/662/926 2781/732/926
f 2782/667/927 2783/744/927 2784/706/927
f 2785/711/928 2786/720/928 2787/686/928
f 2788/720/929 2789/719/929 2790/745/929
f 2791/673/930 2792/715/930 2793/730/930
f 2794/715/931 2795/743/931 2796/730/931
f 2797/740/932 2798/741/932 2799/734/932
f 2800/695/933 2801/746/933 2802/705/933
f 2803/720/934 2804/745/934 2805/686/934
f 2806/699/935 2807/747/935 2808/698/935
f 2809/748/936 2810/666/936 2811/665/936
s 1
f 2812/665/937 2813/712/937 2814/748/937
s 0
f 2815/749/938 2816/750/938 2817/751/938
f 2818/752/939 2819/753/939 2820/754/939
f 2821/755/940 2822/756/940 2823/757/940
f 2824/758/941 2825/759/941 2826/760/941
f 2827/761/942 2828/762/942 2829/749/942
f 2830/763/943 2831/764/943 2832/765/943
f 2833/766/944 2834/764/944 2835/763/944
f 2836/758/945 2837/767/945 2838/759/945
f 2839/768/946 2840/769/946 2841/770/946
f 2842/765/947 2843/764/947 2844/771/947
f 2845/756/948 2846/772/948 2847/773/948
f 2848/774/949 2849/775/949 2850/771/949
f 2851/776/950 2852/767/950 2853/777/950
f 2854/755/951 2855/778/951 2856/756/951
f 2857/759/952 2858/779/952 2859/760/952
f 2860/780/953 2861/776/953 2862/781/953
f 2863/782/954 2864/783/954 2865/784/954
f 2866/785/955 2867/786/955 2868/787/955
f 2869/785/956 2870/788/956 2871/789/956
f 2872/753/957 2873/790/957 2874/754/957
f 2875/753/958 2876/791/958 2877/792/958
f 2878/793/959 2879/794/959 2880/795/959
f 2881/770/960 2882/771/960 2883/764/960
f 2884/774/961 2885/771/961 2886/770/961
f 2887/796/962 2888/786/962 2889/797/962
f 2890/793/963 2891/795/963 2892/798/963
f 2893/799/964 2894/755/964 2895/757/964
f 2896/779/965 2897/759/965 2898/780/965
s 1
f 2899/800/966 2900/762/966 2901/761/966
s 0
f 2902/783/967 2903/761/967 2904/784/967
f 2905/775/968 2906/801/968 2907/771/968
f 2908/800/969 2909/761/969 2910/783/969
f 2911/802/970 2912/752/970 2913/754/970
f 2914/777/971 2915/781/971 2916/776/971
f 2917/767/972 2918/803/972 2919/777/972
f 2920/798/973 2921/804/973 2922/793/973
f 2923/785/974 2924/787/974 2925/788/974
f 2926/784/975 2927/761/975 2928/749/975
f 2929/798/976 2930/805/976 2931/797/976
f 2932/806/977 2933/798/977 2934/797/977
f 2935/794/978 2936/793/978 2937/807/978
f 2938/770/979 2939/764/979 2940/808/979
f 2941/756/980 2942/778/980 2943/750/980
f 2944/749/981 2945/762/981 2946/750/981
f 2947/809/982 2948/802/982 2949/754/982
f 2950/751/983 2951/750/983 2952/810/983
f 2953/805/984 2954/796/984 2955/797/984
f 2956/795/985 2957/805/985 2958/798/985
f 2959/769/986 2960/774/986 2961/770/986
f 2962/774/987 2963/769/987 2964/811/987
f 2965/805/988 2966/795/988 2967/796/988
f 2968/812/989 2969/766/989 2970/813/989
f 2971/756/990 2972/762/990 2973/772/990
f 2974/762/991 2975/756/991 2976/750/991
f 2977/812/992 2978/808/992 2979/764/992
f 2980/764/993 2981/766/993 2982/812/993
f 2983/806/994 2984/785/994 2985/789/994
f 2986/792/995 2987/790/995 2988/753/995
f 2989/776/996 2990/780/996 2991/759/996
f 2992/767/997 2993/776/997 2994/759/997
s 1
f 2995/806/998 2996/797/998 2997/785/998
s 0
f 2998/785/999 2999/797/999 3000/786/999
f 3001/774/1000 3002/811/1000 3003/775/1000
f 3004/772/1001 3005/762/1001 3006/800/1001
f 3007/814/1002 3008/790/1002 3009/792/1002
f 3010/815/1003 3011/749/1003 3012/751/1003
f 3013/801/1004 3014/763/1004 3015/765/1004
f 3016/801/1005 3017/765/1005 3018/771/1005
f 3019/768/1006 3020/816/1006 3021/769/1006
f 3022/756/1007 3023/773/1007 3024/757/1007
f 3025/817/1008 3026/818/1008 3027/819/1008
f 3028/820/1009 3029/821/1009 3030/822/1009
f 3031/823/1010 3032/824/1010 3033/825/1010
f 3034/826/1011 3035/827/1011 3036/828/1011
f 3037/822/1012 3038/829/1012 3039/830/1012
f 3040/831/1013 3041/832/1013 3042/833/1013
f 3043/834/1014 3044/835/1014 3045/833/1014
f 3046/836/1015 3047/817/1015 3048/819/1015
s 1
f 3049/837/1016 3050/818/1016 3051/838/1016
s 0
f 3052/839/1017 3053/840/1017 3054/841/1017
f 3055/842/1018 3056/843/1018 3057/824/1018
f 3058/844/1019 3059/845/1019 3060/846/1019
f 3061/847/1020 3062/827/1020 3063/848/1020
f 3064/849/1021 3065/850/1021 3066/851/1021
f 3067/852/1022 3068/818/1022 3069/817/1022
f 3070/853/1023 3071/854/1023 3072/817/1023
f 3073/825/1024 3074/855/1024 3075/856/1024
f 3076/841/1025 3077/840/1025 3078/821/1025
f 3079/857/1026 3080/858/1026 3081/859/1026
f 3082/827/1027 3083/826/1027 3084/848/1027
f 3085/824/1028 3086/860/1028 3087/825/1028
f 3088/861/1029 3089/858/1029 3090/857/1029
f 3091/862/1030 3092/863/1030 3093/864/1030
f 3094/830/1031 3095/820/1031 3096/822/1031
f 3097/830/1032 3098/829/1032 3099/833/1032
f 3100/865/1033 3101/862/1033 3102/864/1033
f 3103/822/1034 3104/840/1034 3105/866/1034
f 3106/840/1035 3107/822/1035 3108/821/1035
f 3109/826/1036 3110/858/1036 3111/861/1036
f 3112/867/1037 3113/868/1037 3114/869/1037
f 3115/822/1038 3116/866/1038 3117/829/1038
f 3118/870/1039 3119/818/1039 3120/852/1039
f 3121/836/1040 3122/853/1040 3123/817/1040
f 3124/845/1041 3125/850/1041 3126/849/1041
f 3127/845/1042 3128/849/1042 3129/846/1042
f 3130/843/1043 3131/842/1043 3132/871/1043
f 3133/834/1044 3134/872/1044 3135/835/1044
f 3136/871/1045 3137/873/1045 3138/843/1045
f 3139/832/1046 3140/834/1046 3141/833/1046
f 3142/854/1047 3143/852/1047 3144/817/1047
f 3145/867/1048 3146/869/1048 3147/858/1048
f 3148/821/1049 3149/858/1049 3150/841/1049
f 3151/848/1050 3152/826/1050 3153/861/1050
f 3154/860/1051 3155/874/1051 3156/825/1051
f 3157/875/1052 3158/856/1052 3159/876/1052
f 3160/833/1053 3161/835/1053 3162/877/1053
f 3163/839/1054 3164/841/1054 3165/878/1054
f 3166/838/1055 3167/879/1055 3168/837/1055
f 3169/867/1056 3170/828/1056 3171/868/1056
f 3172/837/1057 3173/880/1057 3174/881/1057
f 3175/882/1058 3176/883/1058 3177/875/1058
f 3178/884/1059 3179/871/1059 3180/842/1059
f 3181/878/1060 3182/885/1060 3183/839/1060
f 3184/878/1061 3185/828/1061 3186/885/1061
f 3187/886/1062 3188/883/1062 3189/882/1062
f 3190/823/1063 3191/825/1063 3192/856/1063
f 3193/883/1064 3194/856/1064 3195/875/1064
f 3196/856/1065 3197/883/1065 3198/823/1065
f 3199/887/1066 3200/828/1066 3201/867/1066
f 3202/888/1067 3203/867/1067 3204/858/1067
f 3205/824/1068 3206/823/1068 3207/842/1068
f 3208/886/1069 3209/823/1069 3210/883/1069
f 3211/828/1070 3212/887/1070 3213/826/1070
f 3214/826/1071 3215/888/1071 3216/858/1071
f 3217/837/1072 3218/881/1072 3219/819/1072
f 3220/837/1073 3221/819/1073 3222/818/1073
f 3223/842/1074 3224/823/1074 3225/886/1074
f 3226/882/1075 3227/842/1075 3228/886/1075
f 3229/821/1076 3230/859/1076 3231/858/1076
f 3232/856/1077 3233/855/1077 3234/876/1077
f 3235/863/1078 3236/862/1078 3237/876/1078
f 3238/855/1079 3239/863/1079 3240/876/1079
f 3241/847/1080 3242/850/1080 3243/827/1080
f 3244/881/1081 3245/836/1081 3246/819/1081
f 3247/884/1082 3248/842/1082 3249/882/1082
f 3250/882/1083 3251/875/1083 3252/889/1083
f 3253/869/1084 3254/841/1084 3255/858/1084
f 3256/868/1085 3257/841/1085 3258/869/1085
f 3259/890/1086 3260/848/1086 3261/861/1086
f 3262/890/1087 3263/847/1087 3264/848/1087
f 3265/889/1088 3266/871/1088 3267/884/1088
f 3268/889/1089 3269/884/1089 3270/882/1089
f 3271/868/1090 3272/878/1090 3273/841/1090
f 3274/828/1091 3275/878/1091 3276/868/1091
f 3277/875/1092 3278/862/1092 3279/889/1092
f 3280/875/1093 3281/876/1093 3282/862/1093
f 3283/851/1094 3284/850/1094 3285/847/1094
f 3286/824/1095 3287/891/1095 3288/860/1095
f 3289/887/1096 3290/888/1096 3291/826/1096
f 3292/888/1097 3293/887/1097 3294/867/1097
f 3295/866/1098 3296/831/1098 3297/829/1098
f 3298/829/1099 3299/831/1099 3300/833/1099
o campfire_model:subtool14_campfire_model6_wood_0
v -1.266506 3.626405 0.463465
v 0.654408 1.109272 -0.212673
v 0.737738 1.429465 -0.021984
v 1.144211 0.296296 -1.512570
v 1.275367 0.571931 -2.121253
v 1.740329 0.970207 -1.844233
v -1.391990 2.837800 -0.525651
v -1.911891 3.505231 -0.800067
v 0.479271 0.814604 -1.298696
v -0.606104 4.682489 -0.962974
v -0.929371 4.261530 -0.290646
v -0.400042 4.677497 -0.327881
v 1.458699 2.378064 -0.390885
v 2.128448 1.342300 -0.397586
v 2.417519 1.539190 -0.869749
v 1.912977 1.004224 -0.487370
v 1.638535 0.958627 -1.258495
v 2.094675 1.260676 -0.861965
v -1.487722 3.856888 -0.726061
v -1.143255 3.983433 0.078124
v -0.606104 4.682489 -0.962974
v -0.951860 4.022966 0.531409
v -1.266506 3.626405 0.463465
v 0.737738 1.429465 -0.021984
v -1.911891 3.505231 -0.800067
v 0.692040 0.900951 -1.700410
v 0.479271 0.814604 -1.298696
v 1.915461 1.516174 -1.869199
v 1.727655 1.239174 -2.072412
v -0.856113 4.520219 -1.269199
v -1.272200 4.237792 -1.422947
v -0.856113 4.520219 -1.269199
v 1.727655 1.239174 -2.072412
v -1.577175 3.901964 -1.324113
v -1.487722 3.856888 -0.726061
v -0.856113 4.520219 -1.269199
v 1.638535 0.958627 -1.258495
v 1.144211 0.296296 -1.512570
v 1.740329 0.970207 -1.844233
v 0.716204 0.494289 -1.039683
v -1.391990 2.837800 -0.525651
v 0.479271 0.814604 -1.298696
v -0.606104 4.682489 -0.962974
v -0.464997 4.714933 -0.691835
v 2.373340 1.554071 -1.451154
v -0.400042 4.677497 -0.327881
v -0.413928 4.512745 0.125740
v 1.089547 3.013236 -0.625972
v 1.638535 0.958627 -1.258495
v 1.899607 1.254207 -1.598516
v 2.094675 1.260676 -0.861965
v -0.464997 4.714933 -0.691835
v 2.417519 1.539190 -0.869749
v 2.373340 1.554071 -1.451154
v -1.808359 3.628526 -0.651478
v -1.833241 3.399354 -0.265011
v -1.595447 3.596412 -0.227774
v -1.606393 3.449082 0.208731
v -1.139953 2.664377 -0.223612
v 1.071024 0.307371 -0.641766
v 1.275367 0.571931 -2.121253
v 1.592574 1.102780 -2.129963
v 1.623357 0.918087 -1.997995
v -1.272200 4.237792 -1.422947
v 1.727655 1.239174 -2.072412
v 1.274173 1.394423 -2.031628
v 2.128448 1.342300 -0.397586
v 1.017069 2.502113 -0.066244
v -0.719037 4.270713 0.449887
v -0.929371 4.261530 -0.290646
v -0.413928 4.512745 0.125740
v -0.400042 4.677497 -0.327881
v 2.128448 1.342300 -0.397586
v 1.912977 1.004224 -0.487370
v 2.094675 1.260676 -0.861965
v 2.128448 1.342300 -0.397586
v -0.719037 4.270713 0.449887
v 1.586280 1.495929 -0.117270
v 1.899607 1.254207 -1.598516
v 2.373340 1.554071 -1.451154
v 2.094675 1.260676 -0.861965
v 2.197845 1.523622 -1.699881
v -0.606104 4.682489 -0.962974
v 2.373340 1.554071 -1.451154
v 1.975251 0.940455 -0.082763
v 1.277217 0.427640 -0.404658
v 1.638535 0.958627 -1.258495
v 1.071024 0.307371 -0.641766
v -1.139953 2.664377 -0.223612
v 0.716204 0.494289 -1.039683
v 1.638535 0.958627 -1.258495
v 1.740329 0.970207 -1.844233
v 1.899607 1.254207 -1.598516
v 1.740329 0.970207 -1.844233
v 1.727655 1.239174 -2.072412
v 1.961225 1.405447 -1.823903
v -1.698378 3.317811 -0.171058
v -1.609433 3.542867 0.137294
v -1.595447 3.596412 -0.227774
v -1.487722 3.856888 -0.726061
v -1.609433 3.542867 0.137294
v -1.143255 3.983433 0.078124
v -1.139953 2.664377 -0.223612
v -1.391990 2.837800 -0.525651
v 0.716204 0.494289 -1.039683
v -1.833241 3.399354 -0.265011
v -1.698378 3.317811 -0.171058
v -1.595447 3.596412 -0.227774
v -0.951860 4.022966 0.531409
v 1.304609 1.326041 -0.061197
v 1.586280 1.495929 -0.117270
v 0.956925 0.739609 -0.377896
v 1.656043 0.703809 -0.144589
v 1.205181 1.095647 -0.122999
v -1.033912 2.968259 -1.323211
v -1.577175 3.901964 -1.324113
v 0.692040 0.900951 -1.700410
v -1.577175 3.901964 -1.324113
v -1.787993 3.665211 -1.094948
v -1.487722 3.856888 -0.726061
v 1.975251 0.940455 -0.082763
v 1.586280 1.495929 -0.117270
v 1.304609 1.326041 -0.061197
v 2.128448 1.342300 -0.397586
v 1.586280 1.495929 -0.117270
v 1.975251 0.940455 -0.082763
v 2.094675 1.260676 -0.861965
v 2.373340 1.554071 -1.451154
v 2.417519 1.539190 -0.869749
v 2.128448 1.342300 -0.397586
v 2.094675 1.260676 -0.861965
v 2.417519 1.539190 -0.869749
v -1.808359 3.628526 -0.651478
v -1.595447 3.596412 -0.227774
v -1.487722 3.856888 -0.726061
v -1.595447 3.596412 -0.227774
v -1.609433 3.542867 0.137294
v -1.487722 3.856888 -0.726061
v -1.266506 3.626405 0.463465
v -1.606393 3.449082 0.208731
v 0.654408 1.109272 -0.212673
v -1.609433 3.542867 0.137294
v -1.391889 3.621326 0.394011
v -1.143255 3.983433 0.078124
v 1.899607 1.254207 -1.598516
v 1.961225 1.405447 -1.823903
v 2.373340 1.554071 -1.451154
v 1.740329 0.970207 -1.844233
v 1.961225 1.405447 -1.823903
v 1.899607 1.254207 -1.598516
v -1.911891 3.505231 -0.800067
v -1.833241 3.399354 -0.265011
v -1.808359 3.628526 -0.651478
v -1.787993 3.665211 -1.094948
v -1.808359 3.628526 -0.651478
v -1.487722 3.856888 -0.726061
v -1.606393 3.449082 0.208731
v 1.071024 0.307371 -0.641766
v 0.654408 1.109272 -0.212673
v 1.205181 1.095647 -0.122999
v 0.654408 1.109272 -0.212673
v 0.956925 0.739609 -0.377896
v -1.577175 3.901964 -1.324113
v -1.272200 4.237792 -1.422947
v 1.274173 1.394423 -2.031628
v -1.272200 4.237792 -1.422947
v -1.577175 3.901964 -1.324113
v -0.856113 4.520219 -1.269199
v 0.948789 0.315479 -0.838623
v 1.144211 0.296296 -1.512570
v 1.087995 0.368229 -0.938088
v 0.948789 0.315479 -0.838623
v 1.087995 0.368229 -0.938088
v 1.071024 0.307371 -0.641766
v -1.391889 3.621326 0.394011
v -0.951860 4.022966 0.531409
v -1.143255 3.983433 0.078124
v -0.929371 4.261530 -0.290646
v -0.719037 4.270713 0.449887
v -0.413928 4.512745 0.125740
v 1.144211 0.296296 -1.512570
v 0.988417 0.210640 -1.478953
v 1.275367 0.571931 -2.121253
v 0.988417 0.210640 -1.478953
v 1.144211 0.296296 -1.512570
v 0.948789 0.315479 -0.838623
v -0.856113 4.520219 -1.269199
v -1.487722 3.856888 -0.726061
v -0.606104 4.682489 -0.962974
v -0.856113 4.520219 -1.269199
v -0.606104 4.682489 -0.962974
v 2.197845 1.523622 -1.699881
v 1.656043 0.703809 -0.144589
v 0.956925 0.739609 -0.377896
v 1.277217 0.427640 -0.404658
v 0.654408 1.109272 -0.212673
v 1.071024 0.307371 -0.641766
v 0.956925 0.739609 -0.377896
v 1.015682 0.358548 -1.747765
v 0.692040 0.900951 -1.700410
v 1.275367 0.571931 -2.121253
v 1.274173 1.394423 -2.031628
v 1.592574 1.102780 -2.129963
v 1.275367 0.571931 -2.121253
v -0.929371 4.261530 -0.290646
v -0.951860 4.022966 0.531409
v -0.719037 4.270713 0.449887
v -0.719037 4.270713 0.449887
v -0.951860 4.022966 0.531409
v 1.586280 1.495929 -0.117270
v 0.956925 0.739609 -0.377896
v 1.071024 0.307371 -0.641766
v 1.277217 0.427640 -0.404658
v 1.071024 0.307371 -0.641766
v 1.087995 0.368229 -0.938088
v 1.277217 0.427640 -0.404658
v 1.275367 0.571931 -2.121253
v 0.944891 1.098357 -1.930027
v 1.274173 1.394423 -2.031628
v 0.944891 1.098357 -1.930027
v -1.577175 3.901964 -1.324113
v 1.274173 1.394423 -2.031628
v 1.087995 0.368229 -0.938088
v 1.144211 0.296296 -1.512570
v 1.392898 0.750199 -1.076583
v 1.087995 0.368229 -0.938088
v 1.392898 0.750199 -1.076583
v 1.277217 0.427640 -0.404658
v -0.606104 4.682489 -0.962974
v -1.143255 3.983433 0.078124
v -0.929371 4.261530 -0.290646
v -1.143255 3.983433 0.078124
v -0.951860 4.022966 0.531409
v -0.929371 4.261530 -0.290646
v 0.692040 0.900951 -1.700410
v 0.944891 1.098357 -1.930027
v 1.275367 0.571931 -2.121253
v 0.944891 1.098357 -1.930027
v 0.692040 0.900951 -1.700410
v -1.577175 3.901964 -1.324113
v 1.277217 0.427640 -0.404658
v 1.392898 0.750199 -1.076583
v 1.638535 0.958627 -1.258495
v 1.392898 0.750199 -1.076583
v 1.144211 0.296296 -1.512570
v 1.638535 0.958627 -1.258495
v 1.205181 1.095647 -0.122999
v 1.656043 0.703809 -0.144589
v 1.975251 0.940455 -0.082763
v 1.277217 0.427640 -0.404658
v 1.975251 0.940455 -0.082763
v 1.656043 0.703809 -0.144589
v 2.197845 1.523622 -1.699881
v 1.915461 1.516174 -1.869199
v -0.856113 4.520219 -1.269199
v 1.961225 1.405447 -1.823903
v 2.197845 1.523622 -1.699881
v 2.373340 1.554071 -1.451154
v 0.988417 0.210640 -1.478953
v 1.015682 0.358548 -1.747765
v 1.275367 0.571931 -2.121253
v 0.479271 0.814604 -1.298696
v 0.692040 0.900951 -1.700410
v 1.015682 0.358548 -1.747765
v -1.698378 3.317811 -0.171058
v -1.606393 3.449082 0.208731
v -1.609433 3.542867 0.137294
v -1.609433 3.542867 0.137294
v -1.606393 3.449082 0.208731
v -1.391889 3.621326 0.394011
v 1.975251 0.940455 -0.082763
v 1.638535 0.958627 -1.258495
v 1.912977 1.004224 -0.487370
v 1.975251 0.940455 -0.082763
v 1.912977 1.004224 -0.487370
v 2.128448 1.342300 -0.397586
v 0.716204 0.494289 -1.039683
v 0.479271 0.814604 -1.298696
v 0.988417 0.210640 -1.478953
v 0.479271 0.814604 -1.298696
v 1.015682 0.358548 -1.747765
v 0.988417 0.210640 -1.478953
v 1.915461 1.516174 -1.869199
v 2.197845 1.523622 -1.699881
v 1.961225 1.405447 -1.823903
v 1.727655 1.239174 -2.072412
v 1.915461 1.516174 -1.869199
v 1.961225 1.405447 -1.823903
v -0.413928 4.512745 0.125740
v -0.719037 4.270713 0.449887
v 1.017069 2.502113 -0.066244
v 1.089547 3.013236 -0.625972
v -0.413928 4.512745 0.125740
v 1.017069 2.502113 -0.066244
v -0.951860 4.022966 0.531409
v 0.737738 1.429465 -0.021984
v 1.304609 1.326041 -0.061197
v 1.304609 1.326041 -0.061197
v 1.205181 1.095647 -0.122999
v 1.975251 0.940455 -0.082763
v 0.716204 0.494289 -1.039683
v 0.988417 0.210640 -1.478953
v 0.948789 0.315479 -0.838623
v 1.071024 0.307371 -0.641766
v 0.716204 0.494289 -1.039683
v 0.948789 0.315479 -0.838623
v 1.623357 0.918087 -1.997995
v 1.592574 1.102780 -2.129963
v 1.727655 1.239174 -2.072412
v 1.274173 1.394423 -2.031628
v 1.727655 1.239174 -2.072412
v 1.592574 1.102780 -2.129963
v 2.417519 1.539190 -0.869749
v 1.089547 3.013236 -0.625972
v 1.458699 2.378064 -0.390885
v -0.464997 4.714933 -0.691835
v 1.089547 3.013236 -0.625972
v 2.417519 1.539190 -0.869749
v -1.698378 3.317811 -0.171058
v -1.833241 3.399354 -0.265011
v -1.139953 2.664377 -0.223612
v -1.606393 3.449082 0.208731
v -1.698378 3.317811 -0.171058
v -1.139953 2.664377 -0.223612
v 0.654408 1.109272 -0.212673
v 1.205181 1.095647 -0.122999
v 0.737738 1.429465 -0.021984
v 1.304609 1.326041 -0.061197
v 0.737738 1.429465 -0.021984
v 1.205181 1.095647 -0.122999
v 1.458699 2.378064 -0.390885
v 1.089547 3.013236 -0.625972
v 1.017069 2.502113 -0.066244
v 1.458699 2.378064 -0.390885
v 1.017069 2.502113 -0.066244
v 2.128448 1.342300 -0.397586
v -1.911891 3.505231 -0.800067
v -1.033912 2.968259 -1.323211
v 0.692040 0.900951 -1.700410
v -1.911891 3.505231 -0.800067
v -1.808359 3.628526 -0.651478
v -1.787993 3.665211 -1.094948
v 1.623357 0.918087 -1.997995
v 1.727655 1.239174 -2.072412
v 1.740329 0.970207 -1.844233
v 1.275367 0.571931 -2.121253
v 1.623357 0.918087 -1.997995
v 1.740329 0.970207 -1.844233
v -1.391889 3.621326 0.394011
v -1.266506 3.626405 0.463465
v -0.951860 4.022966 0.531409
v -1.266506 3.626405 0.463465
v -1.391889 3.621326 0.394011
v -1.606393 3.449082 0.208731
v -1.139953 2.664377 -0.223612
v -1.833241 3.399354 -0.265011
v -1.391990 2.837800 -0.525651
v -1.833241 3.399354 -0.265011
v -1.911891 3.505231 -0.800067
v -1.391990 2.837800 -0.525651
v -1.033912 2.968259 -1.323211
v -1.787993 3.665211 -1.094948
v -1.577175 3.901964 -1.324113
v -1.033912 2.968259 -1.323211
v -1.911891 3.505231 -0.800067
v -1.787993 3.665211 -1.094948
v -0.606104 4.682489 -0.962974
v -0.400042 4.677497 -0.327881
v -0.464997 4.714933 -0.691835
v -0.464997 4.714933 -0.691835
v -0.400042 4.677497 -0.327881
v 1.089547 3.013236 -0.625972
v -0.261980 0.337919 1.503936
v -0.320486 0.321375 -1.235328
v -0.046574 0.701087 -2.632695
v -1.569873 0.253517 1.904380
v -1.327054 0.107147 -1.546562
v -1.221895 0.084941 2.309794
v -1.566367 0.238620 2.381398
v -1.181915 0.256159 2.397396
v -1.469904 0.942348 2.388171
v -1.755655 1.660349 -2.628755
v -1.923566 1.348564 -2.623163
v -1.926833 1.330944 1.571930
v -0.052712 0.626406 1.062515
v 0.024539 1.105035 -2.674529
v 0.006123 1.077512 0.889735
v -1.207496 1.990196 0.258485
v -1.273343 1.990657 2.377840
v -0.834867 2.023871 2.435521
v -0.487742 1.877708 -2.631629
v -1.775421 1.027078 -2.642386
v -1.278761 1.391945 -2.640021
v -0.857984 2.009338 -2.597465
v -0.500207 1.914625 2.423706
v -0.487742 1.877708 -2.631629
v -2.010793 0.961955 2.386547
v -2.007176 1.341565 2.398306
v -1.977115 1.090412 -2.032920
v -1.924368 0.816735 1.516868
v -0.685824 0.546197 -2.655455
v -0.896352 0.030864 -2.496838
v -0.987490 0.047989 1.282630
v -1.175244 0.407504 -2.612348
v -1.891477 0.627449 -2.552505
v -0.653215 0.105377 1.552580
v -0.712914 0.064413 -2.631727
v -0.424255 0.471175 2.625373
v -0.980398 0.856491 2.336331
v -0.535872 1.096308 -2.629221
v -0.046574 0.701087 -2.632695
v -0.201551 1.637759 -2.630221
v -0.088599 1.483277 0.292606
v -0.267236 1.076695 2.558890
v 0.014935 1.190102 2.381586
v -0.337074 1.604641 2.360322
v -0.487742 1.877708 -2.631629
v -0.500207 1.914625 2.423706
v -0.155398 1.608399 0.755762
v -1.743252 0.384762 1.289712
v -1.351325 1.451696 2.381219
v -0.851712 1.624648 2.394430
v -0.337074 1.604641 2.360322
v -0.071385 1.430504 2.223398
v -1.588599 0.225117 -2.536504
v -1.549316 0.328836 -2.637206
v -1.891477 0.627449 -2.552505
v -1.775922 1.606496 0.127275
v -1.273343 1.990657 2.377840
v -1.727375 1.647191 2.248706
v -0.308424 0.268956 -2.644674
v -0.794812 0.205390 -2.711452
v -0.651423 0.077535 2.557852
v -1.439788 1.913248 0.954305
v -1.727375 1.647191 2.248706
v -1.221895 0.084941 2.309794
v -0.857984 2.009338 -2.597465
v -0.000000 0.533556 2.582010
v -0.466407 0.128715 2.513090
v -1.532698 1.849527 -0.513002
v -1.485879 1.899275 -2.536756
v -1.485879 1.899275 -2.536756
v -2.010793 0.961955 2.386547
v -1.566367 0.238620 2.381398
v 0.024539 1.105035 -2.674529
v -0.712914 0.064413 -2.631727
v -1.175757 0.092511 -2.602424
v 0.014935 1.190102 2.381586
v -0.834867 2.023871 2.435521
v -1.269973 0.162339 -2.512735
v -0.073335 0.710394 1.740054
v -0.010282 1.199668 1.852661
v -1.923566 1.348564 -2.623163
v -1.755655 1.660349 -2.628755
v -0.000000 0.533556 2.582010
v -1.269973 0.162339 -2.512735
v -1.175757 0.092511 -2.602424
v -2.007176 1.341565 2.398306
v -0.651423 0.077535 2.557852
v -0.024126 1.488602 1.061792
v -0.201551 1.637759 -2.630221
v -1.549316 0.328836 -2.637206
v -1.549316 0.328836 -2.637206
v -0.308424 0.268956 -2.644674
v -0.466407 0.128715 2.513090
v -0.500207 1.914625 2.423706
v -0.697438 2.042074 1.257133
v -0.127930 1.768568 0.914916
v 1.809202 0.203163 0.310350
v -0.926975 2.777916 2.951211
v 0.593503 1.289940 2.216875
v 1.468028 0.931318 2.125721
v -0.554074 4.005630 1.571588
v -1.442565 2.970848 1.234058
v -0.985211 3.032545 2.486991
v 2.323943 0.764081 0.264688
v 2.251677 1.090523 0.021744
v 2.513709 1.328845 0.318877
v 1.269507 0.390291 0.884208
v 1.096164 0.496251 1.281101
v -1.613796 2.556042 1.706452
v 2.230455 0.661649 0.993264
v 2.323943 0.764081 0.264688
v 2.493478 1.180839 0.490818
v 1.468028 0.931318 2.125721
v 0.593503 1.289940 2.216875
v 1.395408 0.531322 1.774257
v 2.230455 0.661649 0.993264
v 2.493478 1.180839 0.490818
v 2.654830 0.907284 1.520418
v 2.654830 0.907284 1.520418
v 2.493478 1.180839 0.490818
v 2.955799 1.575032 0.830116
v -0.106038 3.644292 1.432613
v 1.806121 2.069285 0.559312
v -0.775415 3.834879 1.300512
v -1.542518 2.607870 1.968719
v -1.438350 2.428777 2.269572
v -1.263040 2.696541 2.285089
v -1.277900 2.954504 1.797823
v -0.985211 3.032545 2.486991
v -1.442565 2.970848 1.234058
v 1.960378 2.310622 1.409526
v 2.846600 1.533686 0.510381
v -0.422780 4.028550 1.853427
v -0.251854 3.890634 2.409806
v 1.052077 2.734611 2.167871
v 1.960378 2.310622 1.409526
v -0.251854 3.890634 2.409806
v -0.402353 3.656814 2.793208
v 1.052077 2.734611 2.167871
v -0.985211 3.032545 2.486991
v -0.691695 3.492232 2.329483
v -0.554074 4.005630 1.571588
v -0.422780 4.028550 1.853427
v -0.251854 3.890634 2.409806
v 1.960378 2.310622 1.409526
v -0.691695 3.492232 2.329483
v -0.251854 3.890634 2.409806
v -0.422780 4.028550 1.853427
v -0.775415 3.834879 1.300512
v 1.806121 2.069285 0.559312
v 2.251677 1.090523 0.021744
v 1.554238 0.838303 0.247735
v -0.820216 2.607727 1.025561
v 1.787566 1.169251 0.139096
v -1.257805 3.306015 1.106807
v -0.554074 4.005630 1.571588
v -0.775415 3.834879 1.300512
v -1.004855 3.611819 1.138779
v 1.787566 1.169251 0.139096
v -1.257805 3.306015 1.106807
v 2.230455 0.661649 0.993264
v 1.955363 0.055828 0.560538
v 2.323943 0.764081 0.264688
v -0.697438 2.042074 1.257133
v 1.809202 0.203163 0.310350
v 1.269507 0.390291 0.884208
v 1.974519 0.405482 -0.005193
v 2.251677 1.090523 0.021744
v 2.323943 0.764081 0.264688
v 1.955363 0.055828 0.560538
v 1.974519 0.405482 -0.005193
v 2.323943 0.764081 0.264688
v 1.096164 0.496251 1.281101
v -1.438350 2.428777 2.269572
v -1.613796 2.556042 1.706452
v 0.593503 1.289940 2.216875
v -0.720046 2.004231 2.338743
v 1.395408 0.531322 1.774257
v 1.395408 0.531322 1.774257
v -0.720046 2.004231 2.338743
v 0.643192 0.899801 1.742920
v 2.035754 0.066845 1.583882
v 2.230455 0.661649 0.993264
v 2.654830 0.907284 1.520418
v -1.312461 2.424170 2.451436
v -1.238587 2.620558 2.643562
v -1.263040 2.696541 2.285089
v -1.238587 2.620558 2.643562
v -0.926975 2.777916 2.951211
v -0.985211 3.032545 2.486991
v 2.235470 1.244370 2.050333
v 1.518950 2.125466 2.185176
v -0.544709 3.399031 2.966806
v 2.654830 0.907284 1.520418
v 2.953723 1.474231 1.337256
v 2.806338 1.254481 1.696137
v -1.257805 3.306015 1.106807
v -1.442565 2.970848 1.234058
v -0.554074 4.005630 1.571588
v -0.820216 2.607727 1.025561
v -1.257805 3.306015 1.106807
v 1.787566 1.169251 0.139096
v 2.603074 0.618933 1.980581
v 1.795883 0.497988 1.833539
v 2.035754 0.066845 1.583882
v 2.235470 1.244370 2.050333
v -0.147570 2.745394 2.854069
v 1.981419 0.882831 2.055481
v 1.809202 0.203163 0.310350
v 1.974519 0.405482 -0.005193
v 1.823695 -0.024308 0.583899
v -0.127930 1.768568 0.914916
v 1.554238 0.838303 0.247735
v 1.809202 0.203163 0.310350
v 2.035754 0.066845 1.583882
v 2.654830 0.907284 1.520418
v 2.603074 0.618933 1.980581
v 2.790180 0.881401 1.960307
v 2.654830 0.907284 1.520418
v 2.806338 1.254481 1.696137
v 2.235470 1.244370 2.050333
v 1.981419 0.882831 2.055481
v 2.603074 0.618933 1.980581
v 2.235470 1.244370 2.050333
v 2.790180 0.881401 1.960307
v 2.806338 1.254481 1.696137
v 1.974519 0.405482 -0.005193
v 1.554238 0.838303 0.247735
v 1.787566 1.169251 0.139096
v 1.809202 0.203163 0.310350
v 1.554238 0.838303 0.247735
v 1.974519 0.405482 -0.005193
v -0.544709 3.399031 2.966806
v -0.147570 2.745394 2.854069
v 2.235470 1.244370 2.050333
v -0.985211 3.032545 2.486991
v -0.926975 2.777916 2.951211
v -0.544709 3.399031 2.966806
v 1.395408 0.531322 1.774257
v 1.096164 0.496251 1.281101
v 1.804965 0.012035 1.220869
v 1.804965 0.012035 1.220869
v 1.096164 0.496251 1.281101
v 1.805543 -0.044774 0.897351
v -0.147570 2.745394 2.854069
v -0.926975 2.777916 2.951211
v 1.981419 0.882831 2.055481
v -0.544709 3.399031 2.966806
v -0.926975 2.777916 2.951211
v -0.147570 2.745394 2.854069
v 2.513709 1.328845 0.318877
v 2.251677 1.090523 0.021744
v 2.411583 1.372533 0.216728
v 2.493478 1.180839 0.490818
v 2.846600 1.533686 0.510381
v 2.955799 1.575032 0.830116
v -1.438350 2.428777 2.269572
v -1.254379 2.375651 2.330390
v -1.263040 2.696541 2.285089
v 0.643192 0.899801 1.742920
v -0.720046 2.004231 2.338743
v -1.438350 2.428777 2.269572
v 2.513709 1.328845 0.318877
v 2.411583 1.372533 0.216728
v 2.846600 1.533686 0.510381
v 1.806121 2.069285 0.559312
v -0.106038 3.644292 1.432613
v 2.846600 1.533686 0.510381
v 1.395408 0.531322 1.774257
v 0.643192 0.899801 1.742920
v 1.096164 0.496251 1.281101
v -1.438350 2.428777 2.269572
v 1.096164 0.496251 1.281101
v 0.643192 0.899801 1.742920
v -0.985211 3.032545 2.486991
v -0.544709 3.399031 2.966806
v -0.691695 3.492232 2.329483
v -0.691695 3.492232 2.329483
v -0.402353 3.656814 2.793208
v -0.251854 3.890634 2.409806
v -1.004855 3.611819 1.138779
v 2.251677 1.090523 0.021744
v 1.787566 1.169251 0.139096
v 1.787566 1.169251 0.139096
v 2.251677 1.090523 0.021744
v 1.974519 0.405482 -0.005193
v -0.720046 2.004231 2.338743
v -1.254379 2.375651 2.330390
v -1.438350 2.428777 2.269572
v -0.720046 2.004231 2.338743
v -1.193132 2.532960 2.732062
v -1.312461 2.424170 2.451436
v 2.654830 0.907284 1.520418
v 2.955799 1.575032 0.830116
v 2.953723 1.474231 1.337256
v 2.953723 1.474231 1.337256
v 1.960378 2.310622 1.409526
v 1.948110 2.133447 1.794581
v -1.254379 2.375651 2.330390
v -1.312461 2.424170 2.451436
v -1.263040 2.696541 2.285089
v -0.720046 2.004231 2.338743
v -1.312461 2.424170 2.451436
v -1.254379 2.375651 2.330390
v 1.960378 2.310622 1.409526
v 2.953723 1.474231 1.337256
v 2.955799 1.575032 0.830116
v 2.846600 1.533686 0.510381
v 1.960378 2.310622 1.409526
v 2.955799 1.575032 0.830116
v -1.442565 2.970848 1.234058
v -1.613796 2.556042 1.706452
v -1.277900 2.954504 1.797823
v -1.438350 2.428777 2.269572
v -1.542518 2.607870 1.968719
v -1.613796 2.556042 1.706452
v 2.603074 0.618933 1.980581
v 2.790180 0.881401 1.960307
v 2.235470 1.244370 2.050333
v 2.603074 0.618933 1.980581
v 2.654830 0.907284 1.520418
v 2.790180 0.881401 1.960307
v -1.263040 2.696541 2.285089
v -1.238587 2.620558 2.643562
v -0.985211 3.032545 2.486991
v -1.277900 2.954504 1.797823
v -1.263040 2.696541 2.285089
v -0.985211 3.032545 2.486991
v 2.035754 0.066845 1.583882
v 1.804965 0.012035 1.220869
v 1.965017 0.122088 1.251076
v 1.804965 0.012035 1.220869
v 1.955363 0.055828 0.560538
v 1.965017 0.122088 1.251076
v 1.955363 0.055828 0.560538
v 1.823695 -0.024308 0.583899
v 1.974519 0.405482 -0.005193
v 1.804965 0.012035 1.220869
v 1.805543 -0.044774 0.897351
v 1.955363 0.055828 0.560538
v 1.955363 0.055828 0.560538
v 2.230455 0.661649 0.993264
v 1.965017 0.122088 1.251076
v 1.965017 0.122088 1.251076
v 2.230455 0.661649 0.993264
v 2.035754 0.066845 1.583882
v -0.554074 4.005630 1.571588
v -0.691695 3.492232 2.329483
v -0.422780 4.028550 1.853427
v -0.422780 4.028550 1.853427
v 2.846600 1.533686 0.510381
v -0.106038 3.644292 1.432613
v -0.697438 2.042074 1.257133
v -1.442565 2.970848 1.234058
v -0.820216 2.607727 1.025561
v -0.820216 2.607727 1.025561
v -1.442565 2.970848 1.234058
v -1.257805 3.306015 1.106807
v 1.395408 0.531322 1.774257
v 1.804965 0.012035 1.220869
v 2.035754 0.066845 1.583882
v 1.795883 0.497988 1.833539
v 1.395408 0.531322 1.774257
v 2.035754 0.066845 1.583882
v -1.004855 3.611819 1.138779
v -0.775415 3.834879 1.300512
v 2.251677 1.090523 0.021744
v -1.004855 3.611819 1.138779
v -1.257805 3.306015 1.106807
v -0.775415 3.834879 1.300512
v -0.402353 3.656814 2.793208
v -0.544709 3.399031 2.966806
v 1.518950 2.125466 2.185176
v -0.544709 3.399031 2.966806
v -0.402353 3.656814 2.793208
v -0.691695 3.492232 2.329483
v -1.542518 2.607870 1.968719
v -1.277900 2.954504 1.797823
v -1.613796 2.556042 1.706452
v -1.542518 2.607870 1.968719
v -1.263040 2.696541 2.285089
v -1.277900 2.954504 1.797823
v 1.981419 0.882831 2.055481
v -0.926975 2.777916 2.951211
v 1.468028 0.931318 2.125721
v 2.603074 0.618933 1.980581
v 1.981419 0.882831 2.055481
v 1.795883 0.497988 1.833539
v 2.846600 1.533686 0.510381
v 2.411583 1.372533 0.216728
v 1.806121 2.069285 0.559312
v 2.411583 1.372533 0.216728
v 2.251677 1.090523 0.021744
v 1.806121 2.069285 0.559312
v -0.697438 2.042074 1.257133
v -1.613796 2.556042 1.706452
v -1.442565 2.970848 1.234058
v 1.269507 0.390291 0.884208
v -1.613796 2.556042 1.706452
v -0.697438 2.042074 1.257133
v 2.953723 1.474231 1.337256
v 1.948110 2.133447 1.794581
v 2.806338 1.254481 1.696137
v 2.806338 1.254481 1.696137
v 1.518950 2.125466 2.185176
v 2.235470 1.244370 2.050333
v -1.238587 2.620558 2.643562
v -1.193132 2.532960 2.732062
v -0.926975 2.777916 2.951211
v -1.312461 2.424170 2.451436
v -1.193132 2.532960 2.732062
v -1.238587 2.620558 2.643562
v 2.323943 0.764081 0.264688
v 2.513709 1.328845 0.318877
v 2.493478 1.180839 0.490818
v 2.493478 1.180839 0.490818
v 2.513709 1.328845 0.318877
v 2.846600 1.533686 0.510381
v 1.948110 2.133447 1.794581
v 1.518950 2.125466 2.185176
v 2.806338 1.254481 1.696137
v 1.948110 2.133447 1.794581
v 1.960378 2.310622 1.409526
v 1.518950 2.125466 2.185176
v -0.127930 1.768568 0.914916
v -0.820216 2.607727 1.025561
v 1.554238 0.838303 0.247735
v -0.697438 2.042074 1.257133
v -0.820216 2.607727 1.025561
v -0.127930 1.768568 0.914916
v 1.468028 0.931318 2.125721
v 1.395408 0.531322 1.774257
v 1.795883 0.497988 1.833539
v 1.981419 0.882831 2.055481
v 1.468028 0.931318 2.125721
v 1.795883 0.497988 1.833539
v 1.960378 2.310622 1.409526
v 1.052077 2.734611 2.167871
v 1.518950 2.125466 2.185176
v 1.518950 2.125466 2.185176
v 1.052077 2.734611 2.167871
v -0.402353 3.656814 2.793208
v 1.096164 0.496251 1.281101
v 1.269507 0.390291 0.884208
v 1.805543 -0.044774 0.897351
v 1.823695 -0.024308 0.583899
v 1.269507 0.390291 0.884208
v 1.809202 0.203163 0.310350
v -0.554074 4.005630 1.571588
v -0.106038 3.644292 1.432613
v -0.775415 3.834879 1.300512
v -0.554074 4.005630 1.571588
v -0.422780 4.028550 1.853427
v -0.106038 3.644292 1.432613
v 0.593503 1.289940 2.216875
v -0.926975 2.777916 2.951211
v -1.193132 2.532960 2.732062
v -1.193132 2.532960 2.732062
v -0.720046 2.004231 2.338743
v 0.593503 1.289940 2.216875
v 1.805543 -0.044774 0.897351
v 1.269507 0.390291 0.884208
v 1.823695 -0.024308 0.583899
v 1.805543 -0.044774 0.897351
v 1.823695 -0.024308 0.583899
v 1.955363 0.055828 0.560538
vn -0.2735 -0.4386 0.8560
vn 0.6967 -0.6979 -0.1659
vn -0.7529 -0.6434 -0.1385
vn -0.5967 0.7772 0.1997
vn 0.6766 0.4337 0.5951
vn 0.6507 -0.7357 -0.1881
vn -0.6509 0.7416 0.1621
vn 0.0286 -0.1908 0.9812
vn -0.6970 -0.5299 -0.4831
vn 0.2851 0.4338 -0.8547
vn 0.1241 0.3271 -0.9368
vn -0.6499 0.7444 0.1533
vn 0.7724 -0.6233 0.1219
vn -0.7510 -0.6499 -0.1168
vn 0.6290 0.6625 -0.4066
vn 0.7435 0.6210 0.2483
vn 0.6392 -0.7517 -0.1627
vn 0.7388 0.6728 -0.0389
vn -0.6269 0.6872 0.3671
vn -0.5718 -0.6296 0.5260
vn 0.6229 -0.3834 -0.6819
vn -0.0236 0.1890 -0.9817
vn 0.2540 -0.0328 0.9667
vn -0.5851 0.7679 0.2610
vn 0.8386 -0.5437 0.0346
vn 0.4991 0.2448 0.8312
vn 0.5605 -0.8160 -0.1413
vn 0.5897 0.6387 -0.4943
vn 0.6374 -0.7457 -0.1941
vn -0.6746 -0.6826 0.2809
vn 0.8126 -0.5682 0.1300
vn 0.7874 -0.3768 -0.4879
vn -0.9369 0.3493 0.0153
vn -0.6653 0.7269 0.1706
vn -0.7064 -0.6792 0.1995
vn -0.4018 0.3229 0.8569
vn 0.2151 -0.0345 0.9760
vn -0.3083 -0.4022 0.8621
vn -0.5553 -0.3238 -0.7660
vn -0.6591 0.7361 0.1541
vn 0.1118 0.1394 0.9839
vn 0.5078 0.4029 0.7614
vn 0.6507 -0.7562 -0.0688
vn 0.6520 -0.7534 0.0850
vn -0.5015 0.8065 0.3131
vn -0.9036 0.4274 0.0281
vn -0.3499 -0.4827 0.8029
vn -0.6299 0.7091 0.3170
vn 0.5762 -0.7428 -0.3409
vn 0.8913 -0.4497 -0.0581
vn -0.8606 0.4604 0.2176
vn -0.5732 0.8184 0.0414
vn -0.4996 -0.5960 0.6287
vn -0.1509 -0.5037 0.8506
vn -0.2711 -0.0369 -0.9618
vn -0.6110 0.6761 0.4117
vn 0.4444 -0.8825 0.1540
vn 0.2313 -0.9555 -0.1830
vn -0.6943 0.6807 0.2338
vn -0.5216 0.8420 0.1377
vn 0.4084 -0.8614 -0.3021
vn 0.5027 -0.8476 0.1699
vn -0.6559 0.7413 0.1426
vn 0.4628 0.5693 -0.6795
vn -0.3092 -0.3918 0.8665
vn -0.2361 -0.5510 0.8004
vn -0.6689 -0.3415 -0.6602
vn -0.2037 0.1058 -0.9733
vn -0.6848 0.7047 0.1858
vn 0.2882 0.0439 0.9566
vn -0.4746 -0.5465 0.6900
vn 0.6046 -0.7864 -0.1269
vn -0.3743 0.0999 -0.9219
vn -0.2677 -0.0327 -0.9629
vn 0.7986 -0.5827 0.1511
vn 0.7334 -0.6534 -0.1874
vn -0.7905 0.6125 0.0034
vn -0.6299 0.7504 0.2005
vn -0.6209 -0.1078 -0.7764
vn -0.5123 -0.2858 -0.8099
vn 0.4667 -0.8260 -0.3162
vn 0.7274 -0.6389 0.2502
vn -0.0813 -0.1479 0.9857
vn 0.5979 -0.8013 -0.0201
vn 0.4235 0.5365 -0.7299
vn 0.5443 -0.7881 -0.2876
vn 0.0312 -0.8770 -0.4794
vn -0.7650 -0.4133 -0.4940
vn -0.9737 0.1172 0.1953
vn -0.7601 0.3780 0.5286
vn 0.7145 -0.6658 -0.2149
vn 0.8490 -0.4861 -0.2073
vn -0.7731 -0.6302 -0.0722
vn -0.7618 -0.5318 -0.3699
vn 0.5121 -0.1353 -0.8482
vn 0.7231 0.0164 -0.6906
vn 0.5567 0.3231 0.7653
vn 0.7202 0.4633 0.5163
vn 0.0337 -0.1875 0.9817
vn -0.0950 -0.2195 0.9710
vn -0.6516 -0.7540 0.0831
vn -0.7553 -0.4772 0.4493
vn 0.6522 -0.3657 -0.6640
vn 0.0380 0.3563 -0.9336
vn 0.7071 0.5672 0.4222
vn 0.7384 0.6728 -0.0457
vn -0.6677 -0.6055 0.4330
vn -0.6878 -0.6183 0.3803
vn -0.1528 -0.4760 0.8661
vn 0.0181 -0.2663 0.9637
vn 0.5875 0.5583 0.5859
vn 0.6138 0.3925 0.6850
vn -0.6396 -0.4161 -0.6464
vn -0.7755 0.6312 0.0166
vn 0.7956 -0.3697 -0.4799
vn 0.7206 -0.6019 -0.3442
vn -0.4783 0.2345 0.8463
vn -0.4457 -0.3370 0.8293
vn -0.7162 -0.6634 0.2167
vn -0.7877 -0.6161 -0.0061
vn -0.5228 -0.3050 -0.7960
vn -0.6490 -0.5204 -0.5550
vn -0.5365 0.8244 0.1805
vn 0.7381 0.6718 -0.0626
vn 0.7219 -0.6915 -0.0256
vn 0.6821 -0.7312 0.0111
vn 0.6908 -0.3946 -0.6059
vn -0.6683 -0.7436 0.0213
vn -0.3278 -0.9445 -0.0220
vn -0.2799 -0.8966 0.3431
vn -0.3604 -0.5168 0.7766
vn -0.1649 -0.0938 0.9818
vn 0.0260 -0.0157 0.9995
vn -0.6096 0.5383 -0.5819
vn -0.8412 0.1382 -0.5228
vn -0.9516 0.3055 -0.0325
vn 0.9508 -0.3087 0.0253
vn 0.8787 0.0679 -0.4725
vn 1.0000 0.0066 0.0023
vn -0.3223 0.9466 -0.0022
vn -0.3490 0.6318 0.6922
vn 0.0115 0.8120 0.5835
vn 0.4140 0.4791 -0.7740
vn -0.0926 -0.0376 -0.9950
vn -0.0066 0.0951 -0.9954
vn 0.0479 0.8989 -0.4356
vn 0.5255 0.6270 0.5751
vn 0.4140 0.4790 -0.7740
vn -0.8701 -0.2532 0.4229
vn -0.5222 0.3277 0.7874
vn -0.9996 -0.0103 -0.0251
vn -0.9638 -0.2662 0.0141
vn 0.0299 0.0395 -0.9988
vn -0.0234 -0.9973 -0.0697
vn -0.0016 -1.0000 0.0020
vn -0.1696 -0.0637 -0.9835
vn -0.8336 -0.3213 -0.4493
vn 0.3060 -0.9518 -0.0194
vn 0.2851 -0.8970 -0.3378
vn -0.1552 0.0505 0.9866
vn -0.1748 0.1322 0.9757
vn 0.0205 -0.0042 -0.9998
vn 0.5371 0.4356 -0.7223
vn 0.8815 0.4711 -0.0310
vn 0.0433 0.2539 0.9663
vn 0.7959 0.3429 0.4989
vn 0.2169 0.1536 0.9640
vn 0.4140 0.4790 -0.7741
vn 0.5256 0.6269 0.5751
vn 0.7192 0.6933 0.0450
vn -0.8218 -0.5682 0.0418
vn -0.0833 0.1174 0.9896
vn -0.0105 -0.0676 0.9977
vn 0.8514 0.4281 0.3031
vn -0.5013 -0.8203 -0.2755
vn -0.1656 -0.3579 -0.9189
vn -0.8337 -0.3213 -0.4492
vn -0.7149 0.6993 0.0045
vn -0.3490 0.6318 0.6921
vn -0.6620 0.6563 0.3618
vn 0.4459 -0.4591 -0.7684
vn -0.0426 -0.1347 -0.9900
vn 0.0421 -0.7528 0.6569
vn -0.5490 0.8357 -0.0178
vn -0.6621 0.6563 0.3618
vn 0.7786 -0.2871 0.5580
vn 0.4844 -0.8557 0.1823
vn -0.5933 0.8044 0.0295
vn -0.3318 0.7942 -0.5091
vn 0.8787 0.0679 -0.4726
vn -0.4102 -0.6746 -0.6137
vn -0.3590 -0.7043 -0.6125
vn 0.9689 -0.2465 -0.0201
vn 0.9754 0.2188 0.0276
vn -0.6097 0.5383 -0.5819
vn -0.4103 -0.6745 -0.6137
vn -0.5221 0.3277 0.7874
vn 0.8440 0.5329 0.0597
vn -0.1657 -0.3580 -0.9189
vn 0.4459 -0.4591 -0.7683
vn 0.4844 -0.8556 0.1823
vn -0.6093 -0.5242 -0.5950
vn -0.1392 -0.5490 0.8241
vn -0.7732 0.5812 0.2536
vn 0.8126 -0.2213 -0.5391
vn -0.6097 -0.7907 -0.0552
vn 0.9128 -0.4040 0.0603
vn -0.1799 -0.6307 0.7549
vn 0.7182 -0.6364 -0.2816
vn 0.7335 -0.6196 -0.2796
vn 0.3263 0.7295 -0.6011
vn -0.7288 0.4471 0.5185
vn -0.7122 0.6641 0.2273
vn 0.5589 0.8149 -0.1533
vn 0.6456 0.6414 0.4146
vn 0.6000 0.5564 0.5748
vn -0.7738 0.5807 0.2529
vn 0.5871 0.8092 0.0202
vn -0.6607 0.6557 0.3655
vn 0.1092 0.5163 -0.8494
vn -0.3506 -0.0596 -0.9346
vn -0.7594 0.6052 0.2389
vn -0.1490 0.2239 -0.9632
vn 0.8946 -0.4437 0.0524
vn -0.6362 -0.6719 -0.3792
vn 0.7501 -0.2799 -0.5992
vn 0.7866 -0.5368 -0.3051
vn -0.6043 -0.7967 0.0082
vn -0.3286 -0.7104 0.6223
vn -0.3953 -0.7635 0.5108
vn 0.7469 -0.5754 -0.3332
vn -0.9619 0.2465 0.1179
vn -0.6997 0.5858 0.4091
vn 0.4785 0.2608 0.8384
vn 0.8930 -0.4392 0.0978
vn -0.7663 0.5491 0.3337
vn -0.3848 -0.1349 -0.9131
vn -0.0744 -0.5304 0.8445
vn 0.2308 -0.1485 0.9616
vn -0.2479 -0.7513 -0.6116
vn -0.4822 -0.2756 -0.8316
vn 0.7628 -0.5830 -0.2795
vn 0.9209 -0.2510 -0.2981
vn 0.0969 -0.0539 0.9938
vn 0.4491 0.5033 0.7382
vn -0.4776 0.0488 -0.8772
vn -0.7199 -0.3482 -0.6004
vn 0.3469 0.0492 0.9366
vn -0.7972 0.4815 0.3641
vn -0.5047 -0.7838 0.3620
vn -0.5499 -0.8228 0.1435
vn 0.1067 -0.2863 0.9522
vn 0.1191 -0.0981 0.9880
vn 0.7201 0.0690 -0.6904
vn 0.7030 -0.6952 -0.1502
vn -0.2781 0.1269 0.9521
vn -0.5038 -0.7990 0.3282
vn 0.6076 -0.2997 -0.7356
vn 0.3574 0.7457 -0.5623
vn -0.4275 -0.8456 0.3196
vn -0.5561 -0.8143 0.1661
vn -0.7699 0.5816 0.2626
vn -0.6784 0.7148 0.1696
vn -0.2196 0.1439 -0.9649
vn -0.2226 0.1281 -0.9664
vn -0.4014 -0.5611 0.7239
vn -0.4440 -0.7556 0.4817
vn 0.8680 -0.4878 -0.0934
vn 0.6192 0.7057 0.3444
vn -0.9109 -0.0817 -0.4044
vn -0.5705 -0.8195 0.0547
vn 0.6431 0.7506 0.1518
vn 0.4666 0.8428 -0.2683
vn -0.7685 0.5924 0.2416
vn -0.9565 -0.0898 0.2777
vn 0.1436 -0.0259 0.9893
vn 0.7736 -0.5725 -0.2717
vn -0.8078 0.5631 0.1745
vn -0.8158 0.5004 0.2898
vn 0.5802 -0.7746 -0.2519
vn 0.5559 -0.8281 0.0717
vn 0.3952 -0.7873 -0.4732
vn 0.7255 -0.6777 0.1203
vn 0.9023 -0.4302 0.0287
vn 0.8117 -0.5233 -0.2594
vn -0.7283 0.6215 0.2887
vn 0.4503 0.8017 -0.3931
vn -0.4986 -0.4189 -0.7589
vn -0.3846 -0.1347 -0.9132
vn -0.4535 -0.7924 0.4080
vn -0.1667 -0.5619 0.8102
vn 0.1037 0.5117 -0.8529
vn -0.7593 0.6023 0.2465
vn 0.4885 0.2855 0.8245
vn -0.7591 0.5958 0.2622
vn -0.7713 0.6307 0.0850
vn -0.6382 0.6722 0.3753
vn 0.1025 -0.2921 0.9509
vn -0.0909 -0.4643 0.8810
vn 0.2776 0.6072 -0.7444
vn 0.1178 0.5187 -0.8468
vn -0.5895 -0.4889 -0.6430
vn -0.5973 -0.5881 -0.5454
vn 0.6144 0.5350 0.5799
vn 0.5020 0.2832 0.8172
vn -0.7411 0.2464 0.6246
vn -0.9103 -0.0584 0.4097
vn 0.9415 -0.3020 -0.1492
vn 0.6417 -0.6170 -0.4556
vn 0.5802 0.4940 0.6476
vn 0.3491 0.8470 0.4009
vn -0.4888 -0.2950 -0.8210
vn -0.6064 -0.4104 -0.6811
vn -0.1646 -0.6340 0.7556
vn 0.0669 -0.5225 0.8500
vn 0.6751 0.5319 0.5112
vn 0.5817 0.4648 0.6675
vn -0.6278 -0.7755 -0.0671
vn -0.6784 -0.5822 -0.4482
vn 0.3219 0.6602 -0.6787
vn 0.5354 0.7844 -0.3132
vn -0.1549 -0.5599 0.8139
vn -0.3491 -0.7400 0.5749
vn -0.6265 -0.7746 -0.0869
vn 0.5164 -0.8560 -0.0260
vt 0.523881 0.936826
vt 0.533195 0.645665
vt 0.505815 0.666073
vt 0.646735 0.031533
vt 0.615057 0.059804
vt 0.643414 0.090845
vt 0.064277 0.901375
vt 0.104741 0.970753
vt 0.080142 0.643447
vt 0.112155 0.129315
vt 0.066243 0.094002
vt 0.068418 0.139606
vt 0.387485 0.686785
vt 0.406085 0.577190
vt 0.354451 0.568625
vt 0.729283 0.075808
vt 0.677449 0.076128
vt 0.711928 0.101544
vt 0.096582 0.048375
vt 0.040994 0.070579
vt 0.479371 0.948417
vt 0.119347 0.628436
vt 0.249269 0.587711
vt 0.214929 0.579277
vt 0.260574 0.960637
vt 0.213488 0.966794
vt 0.136723 0.046229
vt 0.132939 0.109589
vt 0.049308 0.613748
vt 0.299135 0.959009
vt 0.326651 0.955321
vt 0.301792 0.566345
vt 0.359820 0.952702
vt 0.402718 0.947339
vt 0.356248 0.749149
vt 0.663593 0.106463
vt 0.093186 0.022819
vt 0.068343 0.010650
vt 0.062905 0.030135
vt 0.005904 0.968332
vt 0.031473 0.880939
vt 0.005186 0.588424
vt 0.622696 0.098123
vt 0.631510 0.086811
vt 0.195512 0.618077
vt 0.421486 0.724519
vt 0.447999 0.951612
vt 0.036721 0.131929
vt 0.741371 0.098565
vt 0.441531 0.621675
vt 0.684050 0.136977
vt 0.274846 0.572526
vt 0.754320 0.068285
vt 0.718319 0.022573
vt 0.630579 0.108497
vt 0.651787 0.120172
vt 0.058328 0.011144
vt 0.038061 0.027148
vt 0.471595 0.626402
vt 0.537003 0.600455
vt 0.483587 0.562283
vt 0.492975 0.615113
vt 0.141750 0.873224
vt 0.171584 0.966201
vt 0.121427 0.025645
vt 0.448728 0.560751
vt 0.719202 0.127363
vt 0.565189 0.939380
vt 0.018032 0.040163
vt 0.102453 0.012686
vt 0.560591 0.559980
vt 0.144080 0.076305
vt 0.685340 0.010442
vt 0.681938 0.021302
vt 0.699321 0.012797
vt 0.009018 0.082105
vt 0.015034 0.105213
vt 0.645253 0.020343
vt 0.530815 0.560832
vt 0.105191 0.573848
vt 0.146871 0.563957
vt 0.197952 0.578712
vt 0.154475 0.621342
vt 0.682320 0.053393
vt 0.742947 0.045650
vt 0.665228 0.132813
vt 0.629660 0.031839
vt 0.033547 0.017942
vt 0.078663 0.571333
vt 0.646635 0.126379
vt 0.025810 0.592239
vt 0.042106 0.957929
vt 0.054270 0.969341
vt 0.535090 0.943114
vt 0.136657 0.968150
vt 0.093379 0.137957
vt 0.649146 0.365764
vt 0.874093 0.369663
vt 0.988621 0.330880
vt 0.616403 0.482857
vt 0.899917 0.459330
vt 0.583207 0.451086
vt 0.507241 0.145554
vt 0.531521 0.134099
vt 0.493587 0.098367
vt 0.988749 0.613665
vt 0.988370 0.584523
vt 0.642709 0.581690
vt 0.685640 0.336717
vt 0.992005 0.297259
vt 0.700104 0.299797
vt 0.750611 0.665359
vt 0.576298 0.659297
vt 0.571310 0.695275
vt 0.158774 0.053293
vt 0.256906 0.040709
vt 0.217517 0.043764
vt 0.985564 0.695540
vt 0.572163 0.724250
vt 0.988251 0.727890
vt 0.459072 0.112417
vt 0.448661 0.088627
vt 0.939775 0.562732
vt 0.647644 0.539075
vt 0.224073 0.109731
vt 0.977777 0.423287
vt 0.667514 0.431295
vt 0.254136 0.096199
vt 0.982675 0.524246
vt 0.645218 0.403422
vt 0.988849 0.408019
vt 0.576108 0.099220
vt 0.526958 0.090192
vt 0.193699 0.089338
vt 0.186627 0.128910
vt 0.988269 0.249975
vt 0.748778 0.264910
vt 0.568586 0.057680
vt 0.583206 0.038580
vt 0.547085 0.025437
vt 0.988340 0.219495
vt 0.574878 0.214696
vt 0.710877 0.253076
vt 0.666815 0.500688
vt 0.486733 0.062764
vt 0.513910 0.038162
vt 0.576149 0.243771
vt 0.591383 0.267450
vt 0.981317 0.482844
vt 0.275387 0.083681
vt 0.280204 0.054626
vt 0.761646 0.608087
vt 0.477657 0.026283
vt 0.456209 0.059564
vt 0.217309 0.138765
vt 0.242926 0.121890
vt 0.572129 0.130613
vt 0.693415 0.645087
vt 0.587191 0.612750
vt 0.532860 0.147730
vt 0.171181 0.031332
vt 0.559311 0.339675
vt 0.565808 0.389714
vt 0.814372 0.636679
vt 0.980964 0.643177
vt 0.206010 0.009915
vt 0.575815 0.550057
vt 0.577452 0.481407
vt 0.166072 0.112383
vt 0.245391 0.132819
vt 0.266523 0.112434
vt 0.578084 0.287289
vt 0.504327 0.012379
vt 0.270306 0.104432
vt 0.629919 0.329614
vt 0.621630 0.287611
vt 0.250769 0.018955
vt 0.229676 0.010841
vt 0.601338 0.083352
vt 0.979613 0.456280
vt 0.986753 0.446489
vt 0.574349 0.580302
vt 0.562475 0.405162
vt 0.687123 0.268768
vt 0.154861 0.076924
vt 0.992675 0.487605
vt 0.993444 0.481185
vt 0.989862 0.371515
vt 0.583537 0.122994
vt 0.528153 0.010219
vt 0.526179 0.450998
vt 0.542824 0.393643
vt 0.531337 0.180931
vt 0.379400 0.539319
vt 0.404854 0.353965
vt 0.381111 0.278577
vt 0.939210 0.104854
vt 0.901661 0.004164
vt 0.834490 0.081026
vt 0.319203 0.071981
vt 0.298960 0.088834
vt 0.320200 0.110844
vt 0.494872 0.237503
vt 0.467609 0.262641
vt 0.510082 0.544623
vt 0.365938 0.063819
vt 0.332710 0.101802
vt 0.419528 0.256226
vt 0.403326 0.092620
vt 0.357560 0.140230
vt 0.175589 0.497302
vt 0.153535 0.279754
vt 0.143927 0.547084
vt 0.840394 0.015068
vt 0.814627 0.023601
vt 0.827960 0.044672
vt 0.868912 0.034905
vt 0.227388 0.299011
vt 0.178617 0.185536
vt 0.201540 0.544985
vt 0.250891 0.538956
vt 0.271325 0.393919
vt 0.289675 0.545352
vt 0.868472 0.108117
vt 0.887359 0.149841
vt 0.924893 0.123886
vt 0.103760 0.192958
vt 0.051097 0.230917
vt 0.053750 0.486034
vt 0.086204 0.229279
vt 0.926858 0.021969
vt 0.945110 0.075671
vt 0.114095 0.548029
vt 0.081003 0.549357
vt 0.338018 0.021285
vt 0.300134 0.040941
vt 0.460155 0.539943
vt 0.434478 0.475243
vt 0.444054 0.321443
vt 0.405621 0.023854
vt 0.803975 0.036452
vt 0.803541 0.058066
vt 0.795372 0.092332
vt 0.321103 0.242582
vt 0.295287 0.334491
vt 0.318043 0.545578
vt 0.390872 0.134548
vt 0.414405 0.117689
vt 0.345218 0.187131
vt 0.397525 0.230451
vt 0.417087 0.189160
vt 0.342002 0.485762
vt 0.358269 0.241644
vt 0.317091 0.020451
vt 0.338271 0.011323
vt 0.027523 0.398803
vt 0.015646 0.186034
vt 0.434183 0.074332
vt 0.433503 0.095213
vt 0.319679 0.187013
vt 0.285627 0.199240
vt 0.046792 0.176782
vt 0.827547 0.137684
vt 0.452546 0.192925
vt 0.477710 0.182778
vt 0.310323 0.110305
vt 0.336293 0.134424
vt 0.449001 0.528147
vt 0.446094 0.551075
vt 0.851317 0.148259
vt 0.414580 0.539414
vt 0.440418 0.534858
vt 0.249213 0.192543
vt 0.262716 0.298870
vt 0.206755 0.186915
vt 0.852062 -0.001851
vt 0.380484 0.011642
vt 0.382861 0.024371
vt 0.359406 0.009321
vt 0.011256 0.456198
vt 0.047666 0.548190
vt 0.941928 0.048434
vt 0.134721 0.199998
vt 0.564206 0.542415
vt 0.793550 0.060037
vt 0.502516 0.175281
vt 0.175981 0.546610
s 0
usemtl campfire_model6_wood
f 3301/892/1100 3302/893/1100 3303/894/1100
s 1
f 3304/895/1101 3305/896/1101 3306/897/1101
s 0
f 3307/898/1102 3308/899/1102 3309/900/1102
f 3310/901/1103 3311/902/1103 3312/903/1103
f 3313/904/1104 3314/905/1104 3315/906/1104
f 3316/907/1105 3317/908/1105 3318/909/1105
f 3319/910/1106 3320/911/1106 3321/901/1106
f 3322/912/1107 3323/892/1107 3324/894/1107
f 3325/899/1108 3326/913/1108 3327/900/1108
f 3328/914/1109 3329/915/1109 3330/916/1109
f 3331/917/1110 3332/916/1110 3333/915/1110
f 3334/918/1111 3335/910/1111 3336/919/1111
f 3337/908/1112 3338/895/1112 3339/897/1112
f 3340/920/1113 3341/898/1113 3342/900/1113
f 3343/921/1114 3344/922/1114 3345/923/1114
f 3346/924/1115 3347/925/1115 3348/926/1115
f 3349/908/1116 3350/927/1116 3351/909/1116
f 3352/922/1117 3353/906/1117 3354/923/1117
f 3355/928/1118 3356/929/1118 3357/930/1118
f 3358/931/1119 3359/932/1119 3360/933/1119
f 3361/896/1120 3362/934/1120 3363/935/1120
f 3364/917/1121 3365/915/1121 3366/936/1121
f 3367/905/1122 3368/937/1122 3369/938/1122
f 3370/902/1123 3371/939/1123 3372/903/1123
f 3373/940/1124 3374/907/1124 3375/909/1124
f 3376/905/1125 3377/938/1125 3378/941/1125
s 1
f 3379/927/1126 3380/942/1126 3381/909/1126
s 0
f 3382/943/1127 3383/921/1127 3384/923/1127
f 3385/944/1128 3386/945/1128 3387/908/1128
f 3388/933/1129 3389/932/1129 3390/920/1129
f 3391/908/1130 3392/897/1130 3393/927/1130
f 3394/897/1131 3395/946/1131 3396/947/1131
f 3397/948/1132 3398/949/1132 3399/930/1132
f 3400/910/1133 3401/949/1133 3402/911/1133
f 3403/932/1134 3404/898/1134 3405/920/1134
f 3406/929/1135 3407/948/1135 3408/930/1135
f 3409/912/1136 3410/950/1136 3411/941/1136
f 3412/951/1137 3413/952/1137 3414/953/1137
f 3415/954/1138 3416/955/1138 3417/913/1138
f 3418/918/1139 3419/956/1139 3420/910/1139
f 3421/957/1140 3422/941/1140 3423/950/1140
f 3424/905/1141 3425/941/1141 3426/957/1141
f 3427/909/1142 3428/942/1142 3429/958/1142
f 3430/940/1143 3431/909/1143 3432/958/1143
f 3433/928/1144 3434/930/1144 3435/910/1144
f 3436/930/1145 3437/949/1145 3438/910/1145
f 3439/892/1146 3440/959/1146 3441/893/1146
f 3442/949/1147 3443/960/1147 3444/911/1147
f 3445/927/1148 3446/947/1148 3447/942/1148
f 3448/897/1149 3449/947/1149 3450/927/1149
f 3451/961/1150 3452/929/1150 3453/928/1150
f 3454/956/1151 3455/928/1151 3456/910/1151
f 3457/959/1152 3458/962/1152 3459/893/1152
f 3460/953/1153 3461/893/1153 3462/951/1153
f 3463/955/1154 3464/917/1154 3465/936/1154
f 3466/963/1155 3467/918/1155 3468/919/1155
f 3469/964/1156 3470/895/1156 3471/965/1156
f 3472/964/1157 3473/965/1157 3474/966/1157
f 3475/960/1158 3476/967/1158 3477/911/1158
f 3478/902/1159 3479/968/1159 3480/939/1159
f 3481/895/1160 3482/969/1160 3483/896/1160
f 3484/969/1161 3485/895/1161 3486/964/1161
f 3487/919/1162 3488/910/1162 3489/901/1162
s 1
f 3490/916/1163 3491/921/1163 3492/943/1163
s 0
f 3493/952/1164 3494/951/1164 3495/970/1164
f 3496/893/1165 3497/962/1165 3498/951/1165
f 3499/971/1166 3500/913/1166 3501/972/1166
f 3502/936/1167 3503/973/1167 3504/972/1167
f 3505/902/1168 3506/967/1168 3507/968/1168
f 3508/938/1169 3509/912/1169 3510/941/1169
f 3511/951/1170 3512/962/1170 3513/970/1170
f 3514/966/1171 3515/965/1171 3516/945/1171
f 3517/972/1172 3518/974/1172 3519/936/1172
f 3520/974/1173 3521/955/1173 3522/936/1173
f 3523/965/1174 3524/895/1174 3525/975/1174
f 3526/965/1175 3527/975/1175 3528/945/1175
f 3529/901/1176 3530/911/1176 3531/902/1176
f 3532/911/1177 3533/967/1177 3534/902/1177
f 3535/913/1178 3536/974/1178 3537/972/1178
f 3538/974/1179 3539/913/1179 3540/955/1179
f 3541/945/1180 3542/975/1180 3543/908/1180
f 3544/975/1181 3545/895/1181 3546/908/1181
f 3547/953/1182 3548/952/1182 3549/957/1182
f 3550/945/1183 3551/944/1183 3552/976/1183
f 3553/943/1184 3554/914/1184 3555/916/1184
f 3556/947/1185 3557/977/1185 3558/942/1185
f 3559/969/1186 3560/978/1186 3561/896/1186
s 1
f 3562/900/1187 3563/913/1187 3564/971/1187
s 0
f 3565/948/1188 3566/979/1188 3567/949/1188
f 3568/949/1189 3569/979/1189 3570/960/1189
f 3571/944/1190 3572/908/1190 3573/907/1190
f 3574/944/1191 3575/907/1191 3576/940/1191
f 3577/920/1192 3578/900/1192 3579/980/1192
f 3580/900/1193 3581/971/1193 3582/980/1193
f 3583/981/1194 3584/977/1194 3585/947/1194
f 3586/946/1195 3587/981/1195 3588/947/1195
s 1
f 3589/925/1196 3590/938/1196 3591/937/1196
s 0
f 3592/926/1197 3593/925/1197 3594/937/1197
f 3595/912/1198 3596/894/1198 3597/950/1198
f 3598/950/1199 3599/953/1199 3600/957/1199
f 3601/920/1200 3602/980/1200 3603/982/1200
f 3604/933/1201 3605/920/1201 3606/982/1201
f 3607/935/1202 3608/934/1202 3609/946/1202
f 3610/936/1203 3611/915/1203 3612/973/1203
f 3613/906/1204 3614/926/1204 3615/904/1204
f 3616/922/1205 3617/926/1205 3618/906/1205
f 3619/983/1206 3620/984/1206 3621/932/1206
f 3622/931/1207 3623/983/1207 3624/932/1207
f 3625/893/1208 3626/953/1208 3627/894/1208
f 3628/950/1209 3629/894/1209 3630/953/1209
f 3631/904/1210 3632/926/1210 3633/937/1210
f 3634/904/1211 3635/937/1211 3636/905/1211
f 3637/899/1212 3638/954/1212 3639/913/1212
s 1
f 3640/961/1213 3641/928/1213 3642/956/1213
s 0
f 3643/935/1214 3644/946/1214 3645/897/1214
f 3646/896/1215 3647/935/1215 3648/897/1215
f 3649/985/1216 3650/892/1216 3651/912/1216
f 3652/892/1217 3653/985/1217 3654/959/1217
f 3655/932/1218 3656/984/1218 3657/898/1218
f 3658/984/1219 3659/899/1219 3660/898/1219
f 3661/954/1220 3662/986/1220 3663/955/1220
f 3664/954/1221 3665/899/1221 3666/986/1221
f 3667/901/1222 3668/903/1222 3669/987/1222
f 3670/922/1223 3671/924/1223 3672/926/1223
s 1
f 3673/988/1224 3674/989/1225 3675/990/1226
f 3676/991/1227 3677/992/1228 3678/993/1229
f 3679/994/1230 3680/995/1231 3681/996/1232
f 3682/997/1233 3683/998/1234 3684/999/1235
f 3685/1000/1236 3686/1001/1237 3687/1002/1238
f 3688/1003/1239 3689/1004/1240 3690/1005/1241
f 3691/1006/1242 3692/1007/1243 3693/1008/1244
f 3694/1009/1245 3695/1010/1246 3696/1011/1247
f 3697/1012/1248 3681/996/1232 3698/1013/1249
f 3699/1014/1250 3700/1015/1251 3684/999/1235
f 3701/1016/1252 3692/1007/1243 3691/1006/1242
f 3677/992/1228 3702/1017/1253 3703/1018/1254
f 3701/1016/1252 3704/1019/1255 3692/1007/1243
f 3705/1020/1256 3700/1015/1251 3699/1014/1250
f 3706/1021/1257 3707/1022/1258 3673/988/1224
f 3680/995/1231 3708/1023/1259 3709/1024/1260
f 3701/1016/1252 3710/1025/1261 3711/1026/1226
f 3712/1027/1262 3713/1028/1263 3686/1001/1237
f 3714/1029/1264 3715/1030/1265 3716/1031/1266
f 3717/1032/1267 3718/1033/1268 3719/1034/1269
f 3697/1012/1248 3679/994/1230 3681/996/1232
f 3700/1015/1251 3705/1020/1256 3720/1035/1270
f 3721/1036/1271 3681/996/1232 3722/1037/1272
f 3723/1038/1266 3724/1039/1273 3718/1033/1268
f 3705/1020/1256 3725/1040/1274 3720/1035/1270
f 3726/1041/1275 3727/1042/1276 3692/1007/1243
f 3682/997/1233 3684/999/1235 3728/1043/1277
f 3721/1036/1271 3722/1037/1272 3729/1044/1278
f 3730/1045/1279 3698/1013/1249 3721/1036/1271
f 3698/1013/1249 3681/996/1232 3721/1036/1271
f 3731/1046/1280 3701/1016/1252 3711/1026/1226
f 3707/1022/1258 3674/989/1225 3673/988/1224
f 3701/1016/1252 3731/1046/1280 3732/1047/1281
f 3732/1047/1281 3704/1019/1255 3701/1016/1252
f 3703/1018/1254 3702/1017/1253 3706/1021/1257
f 3680/995/1231 3733/1048/1282 3708/1023/1259
f 3689/1004/1240 3734/1049/1283 3735/1050/1284
f 3721/1036/1271 3729/1044/1278 3730/1045/1279
f 3736/1051/1229 3733/1048/1282 3680/995/1231
f 3679/994/1230 3736/1051/1229 3680/995/1231
f 3694/1009/1245 3688/1003/1239 3690/1005/1241
f 3737/1052/1245 3691/1006/1242 3693/1008/1244
f 3673/988/1224 3738/1053/1285 3739/1054/1286
f 3673/988/1224 3675/990/1226 3685/1000/1236
f 3740/1055/1287 3741/1056/1288 3682/997/1233
f 3693/1008/1244 3742/1057/1288 3737/1052/1245
f 3743/1058/1248 3676/991/1227 3744/1059/1230
f 3676/991/1227 3678/993/1229 3744/1059/1230
f 3711/1026/1226 3710/1025/1261 3745/1060/1289
f 3685/1000/1236 3675/990/1226 3686/1001/1237
f 3700/1015/1251 3676/991/1227 3743/1058/1248
f 3684/999/1235 3700/1015/1251 3743/1058/1248
f 3746/1061/1258 3732/1047/1281 3731/1046/1280
f 3746/1061/1258 3747/1062/1290 3732/1047/1281
f 3686/1001/1237 3713/1028/1263 3687/1002/1238
f 3724/1039/1273 3723/1038/1266 3748/1063/1265
f 3704/1019/1255 3726/1041/1275 3692/1007/1243
f 3725/1040/1274 3677/992/1228 3676/991/1227
f 3722/1037/1272 3749/1064/1241 3729/1044/1278
f 3694/1009/1245 3690/1005/1241 3695/1010/1246
f 3704/1019/1255 3750/1065/1291 3726/1041/1275
f 3732/1047/1281 3747/1062/1290 3704/1019/1255
f 3709/1024/1260 3714/1029/1264 3716/1031/1266
f 3716/1031/1266 3722/1037/1272 3681/996/1232
f 3738/1053/1285 3673/988/1224 3751/1066/1292
f 3738/1053/1285 3751/1066/1292 3752/1067/1293
f 3692/1007/1243 3727/1042/1276 3753/1068/1234
f 3692/1007/1243 3753/1068/1234 3754/1069/1294
f 3755/1070/1285 3715/1030/1265 3714/1029/1264
f 3708/1023/1259 3733/1048/1282 3755/1070/1285
f 3693/1008/1244 3692/1007/1243 3754/1069/1294
f 3742/1057/1288 3693/1008/1244 3754/1069/1294
f 3720/1035/1270 3725/1040/1274 3676/991/1227
f 3720/1035/1270 3676/991/1227 3700/1015/1251
f 3725/1040/1274 3756/1071/1291 3677/992/1228
f 3757/1072/1295 3702/1017/1253 3677/992/1228
f 3710/1025/1261 3701/1016/1252 3691/1006/1242
f 3717/1032/1267 3713/1028/1263 3712/1027/1262
f 3735/1050/1284 3684/999/1235 3758/1073/1296
f 3758/1073/1296 3684/999/1235 3743/1058/1248
f 3677/992/1228 3756/1071/1291 3757/1072/1295
f 3747/1062/1290 3750/1065/1291 3704/1019/1255
f 3724/1039/1273 3748/1063/1265 3752/1067/1293
f 3752/1067/1293 3748/1063/1265 3738/1053/1285
f 3684/999/1235 3683/998/1234 3699/1014/1250
f 3683/998/1234 3705/1020/1256 3699/1014/1250
f 3678/993/1229 3677/992/1228 3703/1018/1254
f 3678/993/1229 3703/1018/1254 3759/1074/1282
f 3719/1034/1269 3718/1033/1268 3724/1039/1273
f 3719/1034/1269 3724/1039/1273 3752/1067/1293
f 3739/1054/1286 3706/1021/1257 3673/988/1224
f 3703/1018/1254 3706/1021/1257 3759/1074/1282
f 3734/1049/1283 3728/1043/1277 3735/1050/1284
f 3735/1050/1284 3728/1043/1277 3684/999/1235
f 3713/1028/1263 3717/1032/1267 3719/1034/1269
f 3687/1002/1238 3713/1028/1263 3760/1075/1297
f 3706/1021/1257 3702/1017/1253 3707/1022/1258
f 3702/1017/1253 3757/1072/1295 3707/1022/1258
f 3755/1070/1285 3714/1029/1264 3708/1023/1259
f 3708/1023/1259 3714/1029/1264 3709/1024/1260
f 3688/1003/1239 3741/1056/1288 3740/1055/1287
f 3688/1003/1239 3694/1009/1245 3741/1056/1288
f 3761/1076/1262 3710/1025/1261 3691/1006/1242
f 3745/1060/1289 3710/1025/1261 3761/1076/1262
f 3709/1024/1260 3716/1031/1266 3681/996/1232
f 3680/995/1231 3709/1024/1260 3681/996/1232
f 3673/988/1224 3685/1000/1236 3751/1066/1292
f 3685/1000/1236 3687/1002/1238 3751/1066/1292
f 3762/1077/1275 3725/1040/1274 3705/1020/1256
f 3725/1040/1274 3763/1078/1298 3756/1071/1291
f 3734/1049/1283 3688/1003/1239 3728/1043/1277
f 3734/1049/1283 3689/1004/1240 3688/1003/1239
f 3687/1002/1238 3760/1075/1297 3752/1067/1293
f 3752/1067/1293 3751/1066/1292 3687/1002/1238
f 3764/1079/1299 3674/989/1225 3707/1022/1258
f 3674/989/1225 3764/1079/1299 3675/990/1226
f 3719/1034/1269 3752/1067/1293 3760/1075/1297
f 3719/1034/1269 3760/1075/1297 3713/1028/1263
f 3733/1048/1282 3765/1080/1300 3755/1070/1285
f 3706/1021/1257 3739/1054/1286 3759/1074/1282
f 3740/1055/1287 3682/997/1233 3728/1043/1277
f 3688/1003/1239 3740/1055/1287 3728/1043/1277
f 3722/1037/1272 3716/1031/1266 3766/1081/1268
f 3722/1037/1272 3766/1081/1268 3749/1064/1241
s 0
f 3767/1082/1301 3768/1083/1301 3769/1084/1301
f 3770/1085/1302 3771/1086/1302 3772/1087/1302
f 3773/1088/1303 3774/1089/1303 3775/1090/1303
f 3776/1091/1304 3777/1092/1304 3778/1093/1304
f 3779/1094/1305 3780/1095/1305 3781/1096/1305
f 3782/1097/1306 3783/1091/1306 3784/1098/1306
f 3785/1087/1307 3786/1086/1307 3787/1099/1307
f 3788/1097/1308 3789/1098/1308 3790/1100/1308
f 3791/1100/1309 3792/1098/1309 3793/1101/1309
f 3794/1102/1310 3795/1103/1310 3796/1104/1310
f 3797/1105/1311 3798/1106/1311 3799/1107/1311
f 3800/1108/1312 3801/1090/1312 3802/1089/1312
s 1
f 3803/1109/1313 3804/1110/1313 3805/1111/1313
s 0
f 3806/1112/1314 3807/1113/1314 3808/1109/1314
f 3809/1112/1315 3810/1114/1315 3811/1113/1315
f 3812/1090/1316 3813/1115/1316 3814/1088/1316
f 3815/1111/1317 3816/1112/1317 3817/1109/1317
f 3818/1115/1318 3819/1116/1318 3820/1117/1318
f 3821/1104/1319 3822/1103/1319 3823/1118/1319
f 3824/1119/1320 3825/1120/1320 3826/1121/1320
f 3827/1122/1321 3828/1088/1321 3829/1123/1321
f 3830/1124/1322 3831/1121/1322 3832/1125/1322
f 3833/1097/1323 3834/1126/1323 3835/1091/1323
f 3836/1082/1324 3837/1084/1324 3838/1094/1324
f 3839/1127/1325 3840/1092/1325 3841/1091/1325
f 3842/1126/1326 3843/1127/1326 3844/1091/1326
f 3845/1095/1327 3846/1128/1327 3847/1096/1327
f 3848/1086/1328 3849/1129/1328 3850/1099/1328
f 3851/1099/1329 3852/1129/1329 3853/1130/1329
s 1
f 3854/1131/1330 3855/1097/1330 3856/1100/1330
s 0
f 3857/1132/1331 3858/1133/1331 3859/1107/1331
f 3860/1133/1332 3861/1134/1332 3862/1090/1332
f 3863/1135/1333 3864/1136/1333 3865/1137/1333
f 3866/1100/1334 3867/1138/1334 3868/1139/1334
f 3869/1122/1335 3870/1089/1335 3871/1088/1335
f 3872/1120/1336 3873/1125/1336 3874/1121/1336
f 3875/1140/1337 3876/1141/1337 3877/1142/1337
f 3878/1135/1338 3879/1143/1338 3880/1144/1338
f 3881/1145/1339 3882/1127/1339 3883/1146/1339
f 3884/1147/1340 3885/1119/1340 3886/1148/1340
f 3887/1131/1341 3888/1100/1341 3889/1149/1341
s 1
f 3890/1150/1342 3891/1100/1342 3892/1139/1342
s 0
f 3893/1135/1343 3894/1144/1343 3895/1140/1343
f 3896/1135/1344 3897/1151/1344 3898/1152/1344
s 1
f 3899/1153/1345 3900/1119/1345 3901/1121/1345
s 0
f 3902/1148/1346 3903/1119/1346 3904/1153/1346
f 3905/1137/1347 3906/1143/1347 3907/1135/1347
f 3908/1090/1348 3909/1134/1348 3910/1154/1348
f 3911/1099/1349 3912/1095/1349 3913/1155/1349
f 3914/1155/1350 3915/1095/1350 3916/1156/1350
f 3917/1143/1351 3918/1085/1351 3919/1144/1351
f 3920/1137/1352 3921/1085/1352 3922/1143/1352
f 3923/1093/1353 3924/1092/1353 3925/1157/1353
f 3926/1098/1354 3927/1158/1354 3928/1101/1354
f 3929/1128/1355 3930/1159/1355 3931/1160/1355
f 3932/1130/1356 3933/1129/1356 3934/1128/1356
f 3935/1093/1357 3936/1157/1357 3937/1158/1357
f 3938/1103/1358 3939/1102/1358 3940/1110/1358
f 3941/1099/1359 3942/1130/1359 3943/1095/1359
f 3944/1128/1360 3945/1095/1360 3946/1130/1360
f 3947/1090/1361 3948/1154/1361 3949/1115/1361
f 3950/1115/1362 3951/1161/1362 3952/1116/1362
f 3953/1124/1363 3954/1118/1363 3955/1121/1363
f 3956/1121/1364 3957/1118/1364 3958/1153/1364
f 3959/1129/1365 3960/1159/1365 3961/1128/1365
f 3962/1129/1366 3963/1162/1366 3964/1163/1366
f 3965/1100/1367 3966/1101/1367 3967/1138/1367
s 1
f 3968/1164/1368 3969/1109/1368 3970/1165/1368
s 0
f 3971/1159/1369 3972/1163/1369 3973/1160/1369
f 3974/1129/1370 3975/1163/1370 3976/1159/1370
f 3977/1109/1371 3978/1164/1371 3979/1166/1371
f 3980/1110/1372 3981/1109/1372 3982/1166/1372
f 3983/1089/1373 3984/1167/1373 3985/1108/1373
f 3986/1106/1374 3987/1105/1374 3988/1167/1374
f 3989/1140/1375 3990/1151/1375 3991/1135/1375
f 3992/1149/1376 3993/1100/1376 3994/1150/1376
f 3995/1107/1377 3996/1133/1377 3997/1090/1377
f 3998/1108/1378 3999/1107/1378 4000/1090/1378
f 4001/1131/1379 4002/1168/1379 4003/1169/1379
f 4004/1168/1380 4005/1126/1380 4006/1169/1380
f 4007/1126/1381 4008/1146/1381 4009/1127/1381
f 4010/1168/1382 4011/1170/1382 4012/1126/1382
f 4013/1126/1383 4014/1097/1383 4015/1169/1383
f 4016/1169/1384 4017/1097/1384 4018/1131/1384
f 4019/1088/1385 4020/1115/1385 4021/1117/1385
f 4022/1111/1386 4023/1110/1386 4024/1102/1386
f 4025/1171/1387 4026/1172/1387 4027/1120/1387
f 4028/1120/1388 4029/1172/1388 4030/1125/1388
f 4031/1099/1389 4032/1155/1389 4033/1142/1389
f 4034/1141/1390 4035/1099/1390 4036/1142/1390
f 4037/1124/1391 4038/1104/1391 4039/1118/1391
f 4040/1173/1392 4041/1122/1392 4042/1123/1392
s 1
f 4043/1114/1393 4044/1137/1393 4045/1136/1393
s 0
f 4046/1154/1394 4047/1161/1394 4048/1115/1394
f 4049/1105/1395 4050/1108/1395 4051/1167/1395
f 4052/1105/1396 4053/1107/1396 4054/1108/1396
f 4055/1144/1397 4056/1085/1397 4057/1087/1397
f 4058/1140/1398 4059/1144/1398 4060/1141/1398
f 4061/1110/1399 4062/1174/1399 4063/1103/1399
f 4064/1174/1400 4065/1118/1400 4066/1103/1400
f 4067/1082/1401 4068/1096/1401 4069/1175/1401
f 4070/1094/1402 4071/1096/1402 4072/1082/1402
f 4073/1164/1403 4074/1165/1403 4075/1152/1403
f 4076/1152/1404 4077/1136/1404 4078/1135/1404
f 4079/1133/1405 4080/1176/1405 4081/1134/1405
f 4082/1132/1406 4083/1176/1406 4084/1133/1406
f 4085/1091/1407 4086/1093/1407 4087/1098/1407
f 4088/1098/1408 4089/1093/1408 4090/1158/1408
f 4091/1165/1409 4092/1136/1409 4093/1152/1409
f 4094/1165/1410 4095/1109/1410 4096/1136/1410
f 4097/1147/1411 4098/1120/1411 4099/1119/1411
f 4100/1171/1412 4101/1120/1412 4102/1147/1412
f 4103/1087/1413 4104/1099/1413 4105/1141/1413
f 4106/1144/1414 4107/1087/1414 4108/1141/1414
f 4109/1109/1415 4110/1113/1415 4111/1136/1415
f 4112/1136/1416 4113/1113/1416 4114/1114/1416
f 4115/1095/1417 4116/1094/1417 4117/1156/1417
f 4118/1177/1418 4119/1094/1418 4120/1084/1418
f 4121/1178/1419 4122/1102/1419 4123/1104/1419
f 4124/1178/1420 4125/1111/1420 4126/1102/1420
f 4127/1086/1421 4128/1085/1421 4129/1162/1421
f 4130/1162/1422 4131/1129/1422 4132/1086/1422
f 4133/1156/1423 4134/1094/1423 4135/1177/1423
f 4136/1170/1424 4137/1146/1424 4138/1126/1424
